state,district,incubentWon,winnerName,winnerParty,winnerPercent,loserName1,loserParty1,loserPercent1,loserName2,loserParty2,loserPercent2,loserName3,loserParty3,loserPercent3,loserName4,loserParty4,loserPercent4,
Alabama ,1,1, Bradley Byrne ,Republican,63.20%,Robert Kennedy Jr. ,Democratic,36.80%,,,,,,,,,,
Alabama ,2,1, Martha Roby ,Republican,61.50%,Tabitha Isner ,Democratic,38.50%,,,,,,,,,,
Alabama ,3,1, Mike Rogers ,Republican,63.80%,Mallory Hagan ,Democratic,36.20%,,,,,,,,,,
Alabama ,4,1, Robert Aderholt ,Republican,79.90%,Lee Auman ,Democratic,20.10%,,,,,,,,,,
Alabama ,5,1, Mo Brooks ,Republican,61.10%,Peter Joffrion ,Democratic,38.90%,,,,,,,,,,
Alabama ,6,1, Gary Palmer ,Republican, 69.2% ,Danner Kline ,Democratic,30.80%,,,,,,,,,,
Alabama ,7,1, Terri Sewell ,Democratic, Unopposed,,,,,,,,,,,,,
Alaska,atLarge,1, Don Young ,Republican,53.30%,Alyse Galvin ,Undeclared/Democratic,46.70%,,,,,,,,,,
Arizona ,1,1, Tom O'Halleran ,Democratic,53.80%,Wendy Rogers ,Republican,46.20%,,,,,,,,,,
Arizona ,2,, Ann Kirkpatrick ,Democratic,54.70%,Lea Marquez Peterson ,Republican,45.30%,,,,,,,,,,
Arizona ,3,1, Raúl Grijalva ,Democratic,63.90%,Nick Pierson ,Republican,36.10%,,,,,,,,,,
Arizona ,4,1, Paul Gosar ,Republican,68.20%,David Brill ,Democratic,30.50%,Haryaksha Gregor Knauer ,Green,1.30%,,,,,,,
Arizona ,5,1, Andy Biggs ,Republican,59.40%,Joan Greene ,Democratic,40.60%,,,,,,,,,,
Arizona ,6,1, David Schweikert ,Republican,55.20%,Anita Malik ,Democratic,44.80%,,,,,,,,,,
Arizona ,7,1, Ruben Gallego ,Democratic,85.80%,Gary Swing ,Green,14.20%,,,,,,,,,,
Arizona ,8,1, Debbie Lesko ,Republican,55.50%,Hiral Tipirneni ,Democratic,44.50%,,,,,,,,,,
Arizona ,9,0, Greg Stanton ,Democratic,61.10%,Steve Ferrara ,Republican,38.90%,,,,,,,,,,
Arkansas ,1,1, Rick Crawford ,Republican, 68.9% ,Chintan Desai ,Democratic,28.80%,Elvis Presley ,Libertarian, 2.3% ,,,,,,,
Arkansas ,2,1, French Hill ,Republican,52.10%,Clarke Tucker ,Democratic,45.80%,Joe Ryne Swafford ,Libertarian,2.00%,,,,,,,
Arkansas ,3,1, Steve Womack ,Republican,64.80%,Josh Mahony ,Democratic,32.60%,Michael Kalagias ,Libertarian,2.60%,Josh Moody ,Independent,,,,,
Arkansas ,4,1, Bruce Westerman ,Republican,66.80%,Hayden Shamel ,Democratic,31.30%,Tom Canada ,Libertarian,1.90%,Jack Foster ,Independent,,Lee McQueen ,Independent,,
California ,1,1, Doug LaMalfa ,Republican,54.90%,Audrey Denney ,Democratic,45.10%,,,,,,,,,,
California ,10,0, Josh Harder ,Democratic,52.30%,Jeff Denham ,Republican,47.70%,,,,,,,,,,
California ,11,1, Mark DeSaulnier ,Democratic,74.10%,John Fitzgerald ,Republican,25.90%,,,,,,,,,,
California ,12,1, Nancy Pelosi ,Democratic,86.80%,Lisa Remmer ,Republican,13.20%,,,,,,,,,,
California ,13,1, Barbara Lee ,Democratic,88.40%,Laura Wells ,Green,11.60%,,,,,,,,,,
California ,14,1, Jackie Speier ,Democratic,79.20%,Cristina Osmeña ,Republican,20.80%,,,,,,,,,,
California ,15,1, Eric Swalwell ,Democratic,73.00%,Rudy Peters ,Republican,27.00%,,,,,,,,,,
California ,16,1, Jim Costa ,Democratic,57.50%,Elizabeth Heng ,Republican,42.50%,,,,,,,,,,
California ,17,1, Ro Khanna ,Democratic,75.30%,Ron Cohen ,Republican,24.70%,,,,,,,,,,
California ,18,1, Anna Eshoo ,Democratic,74.50%,Christine Russell ,Republican,25.50%,,,,,,,,,,
California ,19,1, Zoe Lofgren ,Democratic,73.80%,Justin Aguilera ,Republican,26.20%,,,,,,,,,,
California ,2,1, Jared Huffman ,Democratic,77.00%,Dale Mensing ,Republican,23.00%,,,,,,,,,,
California ,20,1, Jimmy Panetta ,Democratic,81.40%,Ronald Kabat ,No party preference,18.60%,,,,,,,,,,
California ,21,0, TJ Cox ,Democratic,50.40%,David Valadao ,Republican,49.60%,,,,,,,,,,
California ,22,1, Devin Nunes ,Republican,52.70%,Andrew Janz ,Democratic,47.30%,,,,,,,,,,
California ,23,1, Kevin McCarthy ,Republican,63.70%,Tatiana Matta ,Democratic,36.30%,,,,,,,,,,
California ,24,1, Salud Carbajal ,Democratic,58.60%,Justin Fareed ,Republican,41.40%,,,,,,,,,,
California ,25,0, Katie Hill ,Democratic,54.40%,Steve Knight ,Republican,45.60%,,,,,,,,,,
California ,26,1, Julia Brownley ,Democratic,61.90%,Antonio Sabàto Jr. ,Republican,38.10%,,,,,,,,,,
California ,27,1, Judy Chu ,Democratic,79.20%,Bryan Witt ,Democratic,20.80%,,,,,,,,,,
California ,28,1, Adam Schiff ,Democratic,78.40%,Johnny Nalbandian ,Republican,21.60%,,,,,,,,,,
California ,29,1, Tony Cárdenas ,Democratic,80.60%,Benito Bernal ,Republican,19.40%,,,,,,,,,,
California ,3,1, John Garamendi ,Democratic,58.10%,Charlie Schaupp ,Republican,41.90%,,,,,,,,,,
California ,30,1, Brad Sherman ,Democratic,73.40%,Mark Reed ,Republican,26.60%,,,,,,,,,,
California ,31,1, Pete Aguilar ,Democratic,58.70%,Sean Flynn ,Republican,41.30%,,,,,,,,,,
California ,32,1, Grace Napolitano ,Democratic,68.80%,Joshua Scott ,Republican,31.20%,,,,,,,,,,
California ,33,1, Ted Lieu ,Democratic,70.00%,Kenneth Wright ,Republican,30.00%,,,,,,,,,,
California ,34,1, Jimmy Gomez ,Democratic,72.50%,Kenneth Mejia ,Green,27.50%,,,,,,,,,,
California ,35,1, Norma Torres ,Democratic,69.40%,Christian Valiente ,Republican,30.60%,,,,,,,,,,
California ,36,1, Raul Ruiz ,Democratic,59.00%,Kimberlin Brown Pelzer ,Republican,41.00%,,,,,,,,,,
California ,37,1, Karen Bass ,Democratic,89.10%,Ron Bassilian ,Republican,10.90%,,,,,,,,,,
California ,38,1, Linda Sánchez ,Democratic,68.90%,Ryan Downing ,Republican,31.10%,,,,,,,,,,
California ,39,0, Gil Cisneros ,Democratic,51.60%,Young Kim ,Republican,48.40%,,,,,,,,,,
California ,4,1, Tom McClintock ,Republican,54.10%,Jessica Morse ,Democratic,45.90%,,,,,,,,,,
California ,40,1, Lucille Roybal-Allard ,Democratic,77.30%,Rodolfo Barragan ,Green,22.70%,,,,,,,,,,
California ,41,1, Mark Takano ,Democratic,65.10%,Aja Smith ,Republican,34.90%,,,,,,,,,,
California ,42,1, Ken Calvert ,Republican,56.50%,Julia Peacock ,Democratic,43.50%,,,,,,,,,,
California ,43,1, Maxine Waters ,Democratic,77.70%,Omar Navarro ,Republican,22.30%,,,,,,,,,,
California ,44,1, Nanette Barragán ,Democratic,68.30%,Aja Brown ,Democratic,31.70%,,,,,,,,,,
California ,45,0, Katie Porter ,Democratic,52.10%,Mimi Walters ,Republican,47.90%,,,,,,,,,,
California ,46,1, Lou Correa ,Democratic,69.10%,Russell Lambert ,Republican,30.90%,,,,,,,,,,
California ,47,1, Alan Lowenthal ,Democratic,64.90%,John Briscoe ,Republican,35.10%,,,,,,,,,,
California ,48,0, Harley Rouda ,Democratic,53.60%,Dana Rohrabacher ,Republican,46.40%,,,,,,,,,,
California ,49,0, Mike Levin ,Democratic,56.40%,Diane Harkey ,Republican,43.60%,,,,,,,,,,
California ,5,1, Mike Thompson ,Democratic,78.90%,Anthony Mills ,No party preference,21.10%,,,,,,,,,,
California ,50,1, Duncan Hunter ,Republican,51.70%,Ammar Campa-Najjar ,Democratic,48.30%,,,,,,,,,,
California ,51,1, Juan Vargas ,Democratic,71.20%,Juan Hidalgo Jr. ,Republican,28.80%,,,,,,,,,,
California ,52,1, Scott Peters ,Democratic,63.80%,Omar Qudrat ,Republican,36.20%,,,,,,,,,,
California ,53,1, Susan Davis ,Democratic,69.10%,Morgan Murtaugh ,Republican,30.90%,,,,,,,,,,
California ,6,1, Doris Matsui ,Democratic,80.40%,Jrmar Jefferson ,Democratic,19.60%,,,,,,,,,,
California ,7,1, Ami Bera ,Democratic,55.00%,Andrew Grant ,Republican,45.00%,,,,,,,,,,
California ,8,1, Paul Cook ,Republican,60.00%,Tim Donnelly ,Republican,40.00%,,,,,,,,,,
California ,9,1, Jerry McNerney ,Democratic,56.50%,Marla Livengood ,Republican,43.50%,,,,,,,,,,
Colorado ,1,1, Diana DeGette ,Democratic,73.80%,Casper Stockham ,Republican,23.00%,,,,,,,,,,
Colorado ,2,0, Joe Neguse ,Democratic,60.30%,Peter Yu ,Republican,33.60%,,,,,,,,,,
Colorado ,3,1, Scott Tipton ,Republican,51.50%,Diane Mitsch Bush ,Democratic,43.60%,,,,,,,,,,
Colorado ,4,1, Ken Buck ,Republican,60.60%,Karen McCormick ,Democratic,39.40%,,,,,,,,,,
Colorado ,5,1, Doug Lamborn ,Republican,57.00%,Stephany Rose Spaulding ,Democratic,39.30%,,,,,,,,,,
Colorado ,6,0, Jason Crow ,Democratic,54.10%,Mike Coffman ,Republican,42.90%,,,,,,,,,,
Colorado ,7,1, Ed Perlmutter ,Democratic,60.40%,Mark Barrington ,Republican,35.40%,,,,,,,,,,
Connecticut ,1,1, John Larson ,Democratic,63.90%,Jennifer Nye ,Republican,35.00%,Thomas McCormick ,Green,1.10%,,,,,,,
Connecticut ,2,1, Joe Courtney ,Democratic, 62.2% ,Danny Postemski ,Republican,35.40%,Michelle Bicking ,Green,1.20%,,,,,,,
Connecticut ,3,1, Rosa DeLauro ,Democratic,64.60%,Angel Cadena ,Republican,35.40%,,,,,,,,,,
Connecticut ,4,1, Jim Himes ,Democratic,61.20%,Harry Arora ,Republican,38.80%,,,,,,,,,,
Connecticut ,5,0, Jahana Hayes ,Democratic,55.90%,Manny Santos ,Republican,44.10%,,,,,,,,,,
Delaware ,atLarge,1, Lisa Blunt Rochester ,Democratic,64.50%,Scott Walker ,Republican,35.50%,,,,,,,,,,
Florida ,1,1, Matt Gaetz ,Republican,67.10%,Jennifer Zimmerman ,Democratic,32.90%,,,,,,,,,,
Florida ,10,1, Val Demings ,Democratic, Unopposed,,,,,,,,,,,,,
Florida ,11,1, Daniel Webster ,Republican,65.20%,Dana Cottrell ,Democratic,34.80%,,,,,,,,,,
Florida ,12,1, Gus Bilirakis ,Republican,58.10%,Chris Hunter ,Democratic,39.70%,Angelika Purkis ,No Party Affiliation,2.20%,,,,,,,
Florida ,13,1, Charlie Crist ,Democratic,57.60%,George Buck ,Republican,42.40%,,,,,,,,,,
Florida ,14,1, Kathy Castor ,Democratic, Unopposed,,,,,,,,,,,,,
Florida ,15,0, Ross Spano ,Republican,53.00%,Kristen Carlson ,Democratic,47.00%,,,,,,,,,,
Florida ,16,1, Vern Buchanan ,Republican,54.60%,David Shapiro ,Democratic,45.40%,,,,,,,,,,
Florida ,17,0, Greg Steube ,Republican,62.30%,Allen Ellison ,Democratic,37.70%,,,,,,,,,,
Florida ,18,1, Brian Mast ,Republican,54.30%,Lauren Baer ,Democratic,45.70%,,,,,,,,,,
Florida ,19,1, Francis Rooney ,Republican,62.30%,David Holden ,Democratic,37.70%,,,,,,,,,,
Florida ,2,1, Neal Dunn ,Republican,67.40%,Bob Rackleff ,Democratic,32.60%,,,,,,,,,,
Florida ,20,1, Alcee Hastings ,Democratic, Unopposed,,,,,,,,,,,,,
Florida ,21,1, Lois Frankel ,Democratic, Unopposed,,,,,,,,,,,,,
Florida ,22,1, Ted Deutch ,Democratic,62.00%,Nicolas Kimaz ,Republican,38.00%,,,,,,,,,,
Florida ,23,1, Debbie Wasserman Schultz ,Democratic,58.50%,Joseph Kaufman ,Republican,36.00%,Tim Canova ,No Party Affiliation,5.00%,Don Endriss ,No Party Affiliation,0.60%,,,,
Florida ,24,1, Frederica Wilson ,Democratic, Unopposed,,,,,,,,,,,,,
Florida ,25,1, Mario Díaz-Balart ,Republican,60.50%,Mary Barzee Flores ,Democratic,39.50%,,,,,,,,,,
Florida ,26,0, Debbie Mucarsel-Powell ,Democratic,50.90%,Carlos Curbelo ,Republican,49.10%,,,,,,,,,,
Florida ,27,0, Donna Shalala ,Democratic,51.80%,Maria Elvira Salazar ,Republican,45.80%,Mayra Joli ,No Party Affiliation,2.50%,,,,,,,
Florida ,3,1, Ted Yoho ,Republican,57.60%,Yvonne Hayes Hinson ,Democratic,42.40%,,,,,,,,,,
Florida ,4,1, John Rutherford ,Republican,65.20%,Ges Selmont ,Democratic,32.30%,Joceline Berrios ,No Party Affiliation,1.90%,Jason Bulger ,No Party Affiliation,0.60%,,,,
Florida ,5,1, Al Lawson ,Democratic,66.80%,Virginia Fuller ,Republican,33.20%,,,,,,,,,,
Florida ,6,, Michael Waltz ,Republican,56.30%,Nancy Soderberg ,Democratic,43.70%,,,,,,,,,,
Florida ,7,1, Stephanie Murphy ,Democratic,57.70%,Mike Miller ,Republican,42.30%,,,,,,,,,,
Florida ,8,1, Bill Posey ,Republican,60.50%,Sanjay Patel ,Democratic,39.50%,,,,,,,,,,
Florida ,9,1, Darren Soto ,Democratic,58.00%,Wayne Liebnitzky ,Republican,42.00%,,,,,,,,,,
Georgia ,1,1, Buddy Carter ,Republican,57.70%,Lisa Ring ,Democratic,42.30%,,,,,,,,,,
Georgia ,10,1, Jody Hice ,Republican,62.90%,Tabitha Johnson-Green ,Democratic,37.10%,,,,,,,,,,
Georgia ,11,1, Barry Loudermilk ,Republican,61.80%,Flynn Broady ,Democratic,38.20%,,,,,,,,,,
Georgia ,12,1, Rick Allen ,Republican,59.50%,Francys Johnson ,Democratic,40.50%,Brian Brown ,write-in,,,,,,,,
Georgia ,13,1, David Scott ,Democratic,76.20%,David Callahan ,Republican,23.80%,Martin Cowen ,Libertarian,,,,,,,,
Georgia ,14,1, Tom Graves ,Republican,76.50%,Steve Foster ,Democratic,23.50%,,,,,,,,,,
Georgia ,2,1, Sanford Bishop ,Democratic,59.60%,Herman West ,Republican,40.40%,,,,,,,,,,
Georgia ,3,1, Drew Ferguson ,Republican,65.50%,Chuck Enderlin ,Democratic,34.50%,,,,,,,,,,
Georgia ,4,1, Hank Johnson ,Democratic,78.80%,Joe Profit ,Republican,21.20%,,,,,,,,,,
Georgia ,5,1, John Lewis ,Democratic, Unopposed,David McCaigue ,Libertarian,,,,,,,,,,,
Georgia ,6,0, Lucy McBath ,Democratic,50.50%,Karen Handel ,Republican,49.50%,"Jeremy ""Carlton Heston"" Stubbs ",write-in,,,,,,,,
Georgia ,7,1, Rob Woodall ,Republican,50.07%,Carolyn Bourdeaux ,Democratic,49.93%,,,,,,,,,,
Georgia ,8,1, Austin Scott ,Republican, Unopposed,Jimmy Cooper ,G/Write-in,,,,,,,,,,,
Georgia ,9,1, Doug Collins ,Republican,79.50%,Josh McCall ,Democratic,20.50%,Robin Gilmer ,Libertarian,,Clifford Baxter,write-in,,,,,
Hawaii ,1,0, Ed Case ,Democratic,73.10%,Campbell Cavasso ,Republican,23.10%,Michelle Tippens ,Libertarian,1.90%,Zachary Burd ,Green,1.20%,Calvin Griffin ,Nonpartisan,0.70%,
Hawaii ,2,1, Tulsi Gabbard ,Democratic,77.40%,Brian Evans ,Republican,22.60%,,,,,,,,,,
Idaho ,1,0, Russ Fulcher ,Republican,62.80%,Cristina McNeil ,Democratic,30.80%,Natalie Fleming ,Independent,2.00%,Scott Howard ,Libertarian,1.70%,Paul Farmer ,Independent,1.40%,
Idaho ,2,1, Mike Simpson ,Republican,60.70%,Aaron Swisher ,Democratic,39.30%,,,,,,,,,,
Illinois ,1,1, Bobby Rush ,Democratic,73.50%,Jimmy Tillman ,Republican,19.80%,,,,,,,,,,
Illinois ,10,1, Brad Schneider ,Democratic,65.60%,Douglas Bennett ,Republican,34.40%,,,,,,,,,,
Illinois ,11,1, Bill Foster ,Democratic,63.80%,Nick Stella ,Republican,36.20%,,,,,,,,,,
Illinois ,12,1, Mike Bost ,Republican,51.60%,Brendan Kelly ,Democratic,45.40%,Randall Auxier ,Green,3.00%,,,,,,,
Illinois ,13,1, Rodney Davis ,Republican,50.40%,Betsy Dirksen Londrigan ,Democratic,49.60%,,,,,,,,,,
Illinois ,14,0, Lauren Underwood ,Democratic,52.50%,Randy Hultgren ,Republican,47.50%,,,,,,,,,,
Illinois ,15,1, John Shimkus ,Republican,70.90%,Kevin Gaither ,Democratic,29.10%,,,,,,,,,,
Illinois ,16,1, Adam Kinzinger ,Republican,59.10%,Sara Dady ,Democratic,40.90%,,,,,,,,,,
Illinois ,17,1, Cheri Bustos ,Democratic,62.10%,Bill Fawell ,Republican,37.90%,,,,,,,,,,
Illinois ,18,1, Darin LaHood ,Republican,67.20%,Junius Rodriguez ,Democratic,32.80%,,,,,,,,,,
Illinois ,2,1, Robin Kelly ,Democratic,81.10%,David Merkle ,Republican,18.90%,,,,,,,,,,
Illinois ,3,1, Dan Lipinski ,Democratic,73.80%,Arthur Jones ,Republican,26.20%,,,,,,,,,,
Illinois ,4,0," Jesús ""Chuy"" García ",Democratic,86.60%,Mark Lorch ,Republican,13.40%,,,,,,,,,,
Illinois ,5,1, Mike Quigley ,Democratic,76.70%,Tom Hanson ,Republican,23.30%,,,,,,,,,,
Illinois ,6,0, Sean Casten ,Democratic,53.60%,Peter Roskam ,Republican,46.40%,,,,,,,,,,
Illinois ,7,1, Danny Davis ,Democratic,87.60%,Craig Cameron ,Republican,12.40%,,,,,,,,,,
Illinois ,8,1, Raja Krishnamoorthi ,Democratic,66.00%,JD Diganvker ,Republican,34.00%,,,,,,,,,,
Illinois ,9,1, Jan Schakowsky ,Democratic,73.50%,John Elleson ,Republican,26.50%,,,,,,,,,,
Indiana ,1,1, Pete Visclosky ,Democratic,65.10%,Mark Leyva ,Republican,34.90%,,,,,,,,,,
Indiana ,2,1, Jackie Walorski ,Republican,54.80%,Mel Hall ,Democratic,45.20%,,,,,,,,,,
Indiana ,3,1, Jim Banks ,Republican,64.70%,Courtney Tritch ,Democratic,35.30%,,,,,,,,,,
Indiana ,4,0, Jim Baird ,Republican,64.10%,Tobi Beck ,Democratic,35.90%,,,,,,,,,,
Indiana ,5,1, Susan Brooks ,Republican,56.80%,Dee Thornton ,Democratic,43.20%,,,,,,,,,,
Indiana ,6,0, Greg Pence ,Republican,63.80%,Jeannine Lake ,Democratic,32.90%,,,,,,,,,,
Indiana ,7,1, André Carson ,Democratic,64.90%,"Wayne ""Gunny"" Harmon ",Republican,35.10%,,,,,,,,,,
Indiana ,8,1, Larry Bucshon ,Republican,64.40%,William Tanoos ,Democratic,35.60%,,,,,,,,,,
Indiana ,9,1, Trey Hollingsworth ,Republican,56.50%,Liz Watson ,Democratic,43.50%,,,,,,,,,,
Iowa ,1,0, Abby Finkenauer ,Democratic,51.00%,Rod Blum ,Republican,45.90%,Henry Gaff ,Green,3.10%,,,,,,,
Iowa ,2,1, Dave Loebsack ,Democratic,54.80%,Christopher Peters ,Republican,42.60%,Mike Strauss ,Libertarian,2.00%,Daniel Clark ,Independent,0.60%,,,,
Iowa ,3,0, Cindy Axne ,Democratic,49.30%,David Young ,Republican,47.20%,Bryan Jack Holder ,Libertarian,2.00%,Mark G. Elworth Jr. ,Legal Medical Now,0.50%,Paul Knupp ,Green,0.50%,
Iowa ,4,1, Steve King ,Republican,50.40%,J. D. Scholten ,Democratic,47.00%,Charles Aldrich ,Libertarian,2.00%,Edward Peterson ,Independent,0.60%,,,,
Kansas ,1,1, Roger Marshall ,Republican,68.10%,Alan LaPolice ,Democratic,31.90%,,,,,,,,,,
Kansas ,2,0, Steve Watkins ,Republican,47.60%,Paul Davis ,Democratic,46.80%,Kelly Standley ,Libertarian,5.60%,,,,,,,
Kansas ,3,0, Sharice Davids ,Democratic,53.60%,Kevin Yoder ,Republican,43.90%,Chris Clemmons ,Libertarian,2.50%,,,,,,,
Kansas ,4,1, Ron Estes ,Republican,59.40%,James Thompson ,Democratic,40.60%,,,,,,,,,,
Kentucky ,1,1, James Comer ,Republican,68.60%,Paul Walker ,Democratic,31.40%,,,,,,,,,,
Kentucky ,2,1, Brett Guthrie ,Republican,66.70%,Hank Linderman ,Democratic,31.10%,Thomas Loecken ,Independent,2.20%,,,,,,,
Kentucky ,3,1, John Yarmuth ,Democratic,62.10%,Vickie Glisson ,Republican,36.60%,Gregory Boles ,Libertarian,1.40%,,,,,,,
Kentucky ,4,1, Thomas Massie ,Republican,62.20%,Seth Hall ,Democratic,34.60%,David Goodwin ,Independent,3.20%,,,,,,,
Kentucky ,5,1, Hal Rogers ,Republican,78.90%,Kenneth Stepp ,Democratic,21.10%,,,,,,,,,,
Kentucky ,6,1, Andy Barr ,Republican,51.00%,Amy McGrath ,Democratic,47.80%,Frank Harris ,Libertarian,0.70%,,,,,,,
Louisiana ,1,1, Steve Scalise ,Republican,71.50%,Tammy Savoie ,Democratic,16.40%,Lee Ann Dugas ,Democratic,6.90%,Jim Francis ,Democratic,3.20%,Howard Kearney ,Libertarian,1.00%,
Louisiana ,2,1, Cedric Richmond ,Democratic,80.60%,Jesse Schmidt ,Independent,8.70%,Belden Batiste ,Independent,7.30%,Shawndra Rodriguez ,Independent,3.40%,,,,
Louisiana ,3,1, Clay Higgins ,Republican,55.70%,Mimi Methvin ,Democratic,17.80%,Josh Guillory ,Republican,12.80%,Rob Anderson ,Democratic,5.50%,Larry Rader ,Democratic,3.90%,
Louisiana ,4,1, Mike Johnson ,Republican,64.20%,Ryan Trundle ,Democratic,33.60%,Mark David Halverson ,No Party,2.10%,,,,,,,
Louisiana ,5,1, Ralph Abraham ,Republican,66.50%,Jessee Carlton Fleenor ,Democratic,30.00%,Billy Burkette ,Independent,2.00%,Kyle Randol ,Libertarian,1.30%,,,,
Louisiana ,6,1, Garret Graves ,Republican,69.50%,Justin DeWitt ,Democratic,20.50%,Andie Saizan ,Democratic,8.10%,Devin Graham ,Independent,2.00%,,,,
Maine ,1,1, Chellie Pingree ,Democratic,58.70%,Mark Holbrook ,Republican,32.40%,Marty Grohman ,Independent,8.90%,,,,,,,
Maine ,2,0,Jared Golden ,Democratic,50.50%,Bruce Poliquin ,Republican," 46.2% round 1, 49.5% round 2",Tiffany Bond ,Independent,5.80%,Will Hoar ,Independent,2.40%,,,,
Maryland ,1,1, Andy Harris ,Republican,60.00%,Jesse Colvin ,Democratic,38.10%,Jenica Martin ,Libertarian,1.90%,,,,,,,
Maryland ,2,1, Dutch Ruppersberger ,Democratic,66.10%,Liz Matory ,Republican,30.70%,Guy Mimoun ,Green,3.20%,,,,,,,
Maryland ,3,1, John Sarbanes ,Democratic,69.20%,Charles Anthony ,Republican,28.30%,David Lashar ,Libertarian,2.50%,,,,,,,
Maryland ,4,1, Anthony Brown ,Democratic,78.10%,George McDermott ,Republican,19.90%,David Bishop ,Libertarian,2.00%,,,,,,,
Maryland ,5,1, Steny Hoyer ,Democratic,70.40%,William Devine III ,Republican,27.10%,Pat Elder ,Green,1.30%,Jacob Pulcher ,Libertarian,1.20%,,,,
Maryland ,6,0, David Trone ,Democratic,59.00%,Ted Athey ,Independent,,Amie Hoeber ,Republican,38.00%,Kevin Caldwell ,Libertarian,1.80%,George Gluck ,Green,1.20%,
Maryland ,7,1, Elijah Cummings ,Democratic,76.50%,Richmond Davis ,Republican,21.30%,Swami Swaminathan ,Independent,2.20%,,,,,,,
Maryland ,8,1, Jamie Raskin ,Democratic,68.20%,John Walsh ,Republican,30.30%,Jasen Wunder ,Libertarian,1.50%,,,,,,,
Massachusetts ,1,1, Richard Neal ,Democratic, Unopposed,,,,,,,,,,,,,
Massachusetts ,2,1, Jim McGovern ,Democratic,67.20%,Tracy Lovvorn ,Republican,32.80%,Paul Grady ,Independent,,,,,,,,
Massachusetts ,3,0, Lori Trahan ,Democratic,62.00%,Rick Green ,Republican,33.50%,Michael Mullen ,Independent,4.50%,,,,,,,
Massachusetts ,4,1, Joe Kennedy III ,Democratic, Unopposed,,,,,,,,,,,,,
Massachusetts ,5,1, Katherine Clark ,Democratic, 75.9% ,John Hugo ,Republican,24.10%,,,,,,,,,,
Massachusetts ,6,1, Seth Moulton ,Democratic,65.20%,Joseph Schneider ,Republican,31.40%,Mary Jean Charbonneau ,Independent,3.40%,,,,,,,
Massachusetts ,7,0, Ayanna Pressley ,Democratic, Unopposed,,,,,,,,,,,,,
Massachusetts ,8,1, Stephen Lynch ,Democratic, Unopposed,,,,,,,,,,,,,
Massachusetts ,9,1, Bill Keating ,Democratic,59.40%,Peter Tedeschi ,Republican,40.60%,,,,,,,,,,
Michigan ,1,1, Jack Bergman ,Republican,56.30%,Matt Morgan ,Democratic,43.70%,,,,,,,,,,
Michigan ,10,1, Paul Mitchell ,Republican,60.30%,Kimberly Bizon ,Democratic,35.00%,Jeremy Peruski ,Independent,3.80%,Harley Mikkelson ,Green,1.00%,,,,
Michigan ,11,0, Haley Stevens ,Democratic,51.80%,Lena Epstein ,Republican,45.20%,Leonard Schwartz ,Libertarian,1.70%,Cooper Nye ,Independent,1.30%,,,,
Michigan ,12,1, Debbie Dingell ,Democratic,68.10%,Jeff Jones ,Republican,28.90%,Gary Walkowicz ,Working Class,2.30%,Niles Niemuth ,Independent,0.80%,Steve Young ,Green,,
Michigan ,13,, Rashida Tlaib ,Democratic,84.60%,Sam Johnson ,Working Class,11.30%,Etta Wilcoxon ,Green,4.10%,,,,,,,
Michigan ,14,1, Brenda Lawrence ,Democratic,80.90%,Marc Herschfus ,Republican,17.30%,Philip Kolody 1.4%,,,,,,,,,
Michigan ,2,1, Bill Huizenga ,Republican,55.30%,Rob Davidson ,Democratic,43.00%,Ronald Graeser 1.7%,,,,,,,,,
Michigan ,3,1, Justin Amash ,Republican,54.40%,Cathy Albro ,Democratic,43.20%,Douglas Smith ,Independent,2.40%,,,,,,,
Michigan ,4,1, John Moolenaar ,Republican,62.60%,Jerry Hilliard ,Democratic,37.40%,,,,,,,,,,
Michigan ,5,1, Dan Kildee ,Democratic,59.50%,Travis Wines ,Republican,35.90%,Kathy Goodwin 4.6%,,,,,,,,,
Michigan ,6,1, Fred Upton ,Republican,50.20%,Matt Longjohn ,Democratic,45.70%,Stephen Young 4.1%,,,,,,,,,
Michigan ,7,1, Tim Walberg ,Republican,53.80%,Gretchen Driskell ,Democratic,46.20%,,,,,,,,,,
Michigan ,8,0, Elissa Slotkin ,Democratic,50.60%,Mike Bishop ,Republican,46.80%,Brian Ellison ,Libertarian,1.80%,,,,,,,
Michigan ,9,0, Andy Levin ,Democratic,59.60%,Candius Stearns ,Republican,36.80%,Andrea Kirby ,Working Class,2.20%,John McDermott ,Green,1.30%,,,,
Minnesota ,1,0, Jim Hagedorn ,Republican,50.20%,Dan Feehan ,Democratic,49.80%,,,,,,,,,,
Minnesota ,2,0, Angie Craig ,Democratic,52.80%,Jason Lewis ,Republican,47.20%,,,,,,,,,,
Minnesota ,3,0, Dean Phillips ,Democratic,55.70%,Erik Paulsen ,Republican,44.30%,,,,,,,,,,
Minnesota ,4,1, Betty McCollum ,Democratic,66.00%,Greg Ryan ,Republican,29.80%,Susan Pendergast Sindt ,Legal Marijuana Now,4.20%,,,,,,,
Minnesota ,5,0, Ilhan Omar ,Democratic,78.20%,Jennifer Zielinski ,Republican,21.80%,,,,,,,,,,
Minnesota ,6,1, Tom Emmer ,Republican,61.20%,Ian Todd ,Democratic,38.80%,,,,,,,,,,
Minnesota ,7,1, Collin Peterson ,Democratic,52.10%,Dave Hughes ,Republican,47.90%,,,,,,,,,,
Minnesota ,8,0, Pete Stauber ,Republican,50.70%,Joe Radinovich ,Democratic,45.20%,"Ray ""Skip"" Sandman ",Independence,4.10%,,,,,,,
Mississippi ,1,1, Trent Kelly ,Republican,66.90%,Randy Wadkins ,Democratic,32.40%,,,,,,,,,,
Mississippi ,2,1, Bennie Thompson ,Democratic,71.80%,,,,,,,,,,,,,
Mississippi ,3,0, Michael Guest ,Republican,62.30%,Michael Evans ,Democratic,36.70%,Matthew Holland ,Reform,1.00%,,,,,,,
Mississippi ,4,1, Steven Palazzo ,Republican,68.20%,Jeramey Anderson ,Democratic,30.70%,,,,,,,,,,
Missouri ,1,1, Lacy Clay ,Democratic,80.10%,Robert Vroman ,Republican,16.70%,Robb Cunningham ,Libertarian,3.20%,,,,,,,
Missouri ,2,1, Ann Wagner ,Republican,51.20%,Cort VanOstran ,Democratic,47.20%,David Justus Arnold ,Green,1.10%,"Larry A. ""Tony"" Kirk ",Libertarian,0.50%,,,,
Missouri ,3,1, Blaine Luetkemeyer ,Republican,65.10%,Katy Geppert ,Democratic,32.80%,Donald Stolle ,Libertarian,2.10%,,,,,,,
Missouri ,4,1, Vicky Hartzler ,Republican,64.80%,Renee Hoagenson ,Democratic,32.70%,Mark Bliss ,Libertarian,2.40%,,,,,,,
Missouri ,5,1, Emanuel Cleaver ,Democratic,61.70%,Jacob Turk ,Republican,35.50%,Maurice Copeland ,Green,1.70%,E. C. Fredland ,Constitution,0.70%,Alexander Howell ,Libertarian,0.30%,
Missouri ,6,1, Sam Graves ,Republican,65.40%,Henry Martin ,Democratic,32.00%,Dan Hogan ,Libertarian,2.60%,,,,,,,
Missouri ,7,1, Billy Long ,Republican,66.20%,Jamie Schoolcraft ,Democratic,30.10%,Ben Brixey ,Libertarian,3.70%,,,,,,,
Missouri ,8,1, Jason Smith ,Republican,73.40%,Kathy Ellis ,Democratic,25.00%,Jonathan Shell ,Libertarian,1.60%,,,,,,,
Montana,atLarge,1, Greg Gianforte ,Republican,50.90%,Kathleen Williams ,Democratic,46.20%,Elinor Swanson ,Libertarian,2.90%,Doug Campbell ,Independent,,,,,
Nebraska ,1,1, Jeff Fortenberry ,Republican,60.40%,Jessica McClure ,Democratic,39.60%,,,,,,,,,,
Nebraska ,2,1, Don Bacon ,Republican,51.00%,Kara Eastman ,Democratic,49.00%,,,,,,,,,,
Nebraska ,3,1, Adrian Smith ,Republican,76.70%,Paul Theobald ,Democratic,23.30%,,,,,,,,,,
Nevada ,1,1, Dina Titus ,Democratic,66.20%,Joyce Bentley ,Republican,30.90%,Dan Garfield ,Independent American,1.60%,Robert Strawder ,Libertarian,1.40%,,,,
Nevada ,2,1, Mark Amodei ,Republican,58.20%,Clint Koble ,Democratic,41.80%,,,,,,,,,,
Nevada ,3,0, Susie Lee ,Democratic,51.90%,Danny Tarkanian ,Republican,42.80%,Steve Brown ,Libertarian,1.60%,David Goossen ,Independent,1.30%,Harry Vickers ,Independent American,1.20%,
Nevada ,4,0, Steven Horsford ,Democratic,51.90%,Cresent Hardy ,Republican,43.70%,Warren Markowitz ,Independent American,1.40%,Rodney Smith ,Independent,1.20%,Gregg Luckner ,Libertarian,0.90%,
NewYork,16,1, Eliot Engel ,Democratic, Unopposed,,,,,,,,,,,,,
NewHampshire ,1,0, Chris Pappas ,Democratic,53.60%,Eddie Edwards ,Republican,45.00%,Dan Belforti ,Libertarian,1.40%,,,,,,,
NewHampshire ,2,1, Ann McLane Kuster ,Democratic,55.60%,Steve Negron ,Republican,42.20%,Justin O'Donnell ,Libertarian,2.20%,,,,,,,
NewJersey ,1,1, Donald Norcross ,Democratic,64.40%,Paul Dilks ,Republican,33.30%,Robert Shapiro ,Independent,1.10%,Paul Hamlin ,Independent,0.90%,Mohammad Kabir ,Independent,0.40%,
NewJersey ,10,1, Donald Payne ,Democratic,87.60%,Agha Khan ,Republican,10.10%,Cynthia Johnson ,Independent,1.00%,Joanne Miller ,Independent,1.00%,Scott Dirona ,Independent,0.30%,
NewJersey ,11,0, Mikie Sherrill ,Democratic,56.80%,Jay Webber ,Republican,42.10%,Robert Crook ,Independent,0.70%,Ryan Martinez ,Independent,0.40%,,,,
NewJersey ,12,1, Bonnie Watson Coleman ,Democratic,68.70%,Daryl Kipnis ,Republican,31.30%,,,,,,,,,,
NewJersey ,2,0, Jeff Van Drew ,Democratic,52.90%,Seth Grossman ,Republican,45.20%,John Ordille ,Independent,0.70%,Steven Fenichel ,Independent,0.40%,Anthony Sanchez ,Independent,0.40%,
NewJersey ,3,0, Andy Kim ,Democratic,50.00%,Tom MacArthur ,Republican,48.70%,Lawrence Berlinski ,Independent,1.30%,,,,,,,
NewJersey ,4,1, Chris Smith ,Republican,55.40%,Josh Welle ,Democratic,43.10%,Michael Rufo ,Independent,0.50%,Edward Stackhouse ,Independent,0.40%,Brian Reynolds ,Independent,0.30%,
NewJersey ,5,1, Josh Gottheimer ,Democratic,56.20%,John McCann ,Republican,42.50%,James Tosone ,Independent,0.70%,Wendy Goetz ,Independent,0.60%,,,,
NewJersey ,6,1, Frank Pallone ,Democratic,63.60%,Rich Pezzullo ,Republican,36.40%,,,,,,,,,,
NewJersey ,7,0, Tom Malinowski ,Democratic,51.70%,Leonard Lance ,Republican,46.70%,Diane Moxley ,Independent,0.80%,Gregg Mele ,Independent,0.70%,,,,
NewJersey ,8,1, Albio Sires ,Democratic,78.10%,John Muniz ,Republican,18.70%,,,,,,,,,,
NewJersey ,9,1, Bill Pascrell ,Democratic,70.30%,Eric Fisher ,Republican,28.90%,Claudio Belusik ,Independent,0.80%,,,,,,,
NewMexico ,1,0, Deb Haaland ,Democratic,59.10%,Janice Arnold-Jones ,Republican,36.30%,Lloyd Princeton ,Libertarian,4.60%,,,,,,,
NewMexico ,2,0, Xochitl Torres Small ,Democratic,50.90%,Yvette Herrell ,Republican,49.10%,,,,,,,,,,
NewMexico ,3,1, Ben Ray Luján ,Democratic,63.40%,Jerald McFall ,Republican,31.20%,Christopher Manning ,Libertarian,5.40%,,,,,,,
NewYork ,1,1, Lee Zeldin ,Republican,51.50%,Perry Gershon ,Democratic,47.40%,Kate Browning 1.1%,,,,,,,,,
NewYork ,10,1, Jerry Nadler ,Democratic,82.10%,Naomi Levin ,Republican,17.90%,,,,,,,,,,
NewYork ,11,0, Max Rose ,Democratic,53.00%,Dan Donovan ,Republican,46.60%,Henry Bardel ,Green,0.40%,,,,,,,
NewYork ,12,1, Carolyn Maloney ,Democratic,86.40%,Eliot Rabin ,Republican,12.10%,Scott Hutchins ,Green,1.50%,,,,,,,
NewYork ,13,1, Adriano Espaillat ,Democratic,94.60%,Jineea Butler ,Republican,5.40%,,,,,,,,,,
NewYork ,14,0, Alexandria Ocasio-Cortez ,Democratic,78.20%,Anthony Pappas ,Republican,13.60%,Joe Crowley ,Working Families,6.60%,Elizabeth Perri ,Conservative,,James Dillon ,Reform,,
NewYork ,15,1, José Serrano ,Democratic,96.00%,Jason Gonzalez ,Republican,4.00%,,,,,,,,,,
NewYork ,17,1, Nita Lowey ,Democratic,88.00%,Joe Ciardullo ,Reform,12.00%,,,,,,,,,,
NewYork ,18,1, Sean Patrick Maloney ,Democratic,55.50%,James O'Donnell ,Republican,44.50%,,,,,,,,,,
NewYork ,19,0, Antonio Delgado ,Democratic,51.40%,John Faso ,Republican,46.20%,Steven Greenfield ,Green,1.50%,Diane Neal ,Independent,1.00%,,,,
NewYork ,2,1, Peter King ,Republican,53.10%,Liuba Grechen Shirley ,Democratic,46.90%,,,,,,,,,,
NewYork ,20,1, Paul Tonko ,Democratic,66.50%,Francis Vitollo ,Republican,33.50%,,,,,,,,,,
NewYork ,21,1, Elise Stefanik ,Republican,56.10%,Tedra Cobb ,Democratic,42.40%,Lynn Kahn ,Green,1.50%,,,,,,,
NewYork ,22,0, Anthony Brindisi ,Democratic,50.90%,Claudia Tenney ,Republican,49.10%,,,,,,,,,,
NewYork ,23,1, Tom Reed ,Republican,54.20%,Tracy Mitrano ,Democratic,45.80%,J.G. Hertzler ,Independent,,,,,,,,
NewYork ,24,1, John Katko ,Republican,52.60%,Dana Balter ,Democratic,47.40%,Bill Bass ,Independent,,,,,,,,
NewYork ,25,, Joe Morelle ,Democratic,59.00%,Jim Maxwell ,Republican,41.00%,,,,,,,,,,
NewYork ,26,1, Brian Higgins ,Democratic,73.30%,Renee Zeno ,Republican,26.70%,,,,,,,,,,
NewYork ,27,1, Chris Collins ,Republican,49.10%,Nate McMurray ,Democratic,48.80%,Larry Piegza ,Reform,2.10%,,,,,,,
NewYork ,3,1, Thomas Suozzi ,Democratic,59.00%,Dan DeBono ,Republican,41.00%,,,,,,,,,,
NewYork ,4,1, Kathleen Rice ,Democratic,61.30%,Ameer Benno ,Republican,38.70%,,,,,,,,,,
NewYork ,5,1, Gregory Meeks ,Democratic, Unopposed,,,,,,,,,,,,,
NewYork ,6,1, Grace Meng ,Democratic,90.90%,Tom Hillgardner ,Green,9.10%,,,,,,,,,,
NewYork ,7,1, Nydia Velázquez ,Democratic,93.40%,Joseph Lieberman ,Conservative,5.50%,Jeff Kurzon ,Reform,1.10%,,,,,,,
NewYork ,8,1, Hakeem Jeffries ,Democratic,94.20%,Ernest Johnson ,Conservative,5.20%,Jessica White ,Reform,0.50%,,,,,,,
NewYork ,9,1, Yvette Clarke ,Democratic,89.30%,Lutchi Gayot ,Republican,10.30%,Joel Anabilah-Azumah ,Reform,0.40%,,,,,,,
NorthCarolina ,1,1, G. K. Butterfield ,Democratic,69.80%,Roger Allison ,Republican,30.20%,,,,,,,,,,
NorthCarolina ,10,1, Patrick McHenry ,Republican,59.30%,David Brown ,Democratic,40.70%,,,,,,,,,,
NorthCarolina ,11,1, Mark Meadows ,Republican,59.20%,Phillip Price ,Democratic,38.70%,Clifton Ingram ,Libertarian,2.00%,,,,,,,
NorthCarolina ,12,1, Alma Adams ,Democratic,73.10%,Paul Wright ,Republican,26.90%,,,,,,,,,,
NorthCarolina ,13,1, Ted Budd ,Republican,51.50%,Kathy Manning ,Democratic,45.50%,Tom Bailey ,Libertarian,2.00%,,,,,,,
NorthCarolina ,2,1, George Holding ,Republican,51.30%,Linda Coleman ,Democratic,45.80%,Jeff Matemu ,Libertarian,2.90%,,,,,,,
NorthCarolina ,3,1, Walter Jones ,Republican, Unopposed,,,,,,,,,,,,,
NorthCarolina ,4,1, David Price ,Democratic,72.40%,Steve Von Loor ,Republican,24.00%,Barbara Howe ,Libertarian,3.60%,,,,,,,
NorthCarolina ,5,1, Virginia Foxx ,Republican,57.00%,DD Adams ,Democratic,43.00%,,,,,,,,,,
NorthCarolina ,6,1, Mark Walker ,Republican,56.50%,Ryan Watts ,Democratic,43.50%,,,,,,,,,,
NorthCarolina ,7,1, David Rouzer ,Republican,55.50%,Kyle Horton ,Democratic,42.80%,David Fallin ,Constitution,1.60%,,,,,,,
NorthCarolina ,8,1, Richard Hudson ,Republican,55.30%,Frank McNeill ,Democratic,44.70%,,,,,,,,,,
NorthCarolina ,9,0,Mark Harris ,Republican,49.30%,Dan McCready ,Democratic,48.90%,Jeff Scott ,Libertarian,1.80%,,,,,,,
NorthDakota,atLarge,0, Kelly Armstrong ,Republican,60.30%,Mac Schneider ,Democratic,35.60%,Charles Tuttle ,Independent,4.10%,,,,,,,
Ohio ,1,1, Steve Chabot ,Republican,51.30%,Aftab Pureval ,Democratic,46.90%,Dirk Kubala ,Libertarian,1.80%,,,,,,,
Ohio ,10,1, Mike Turner ,Republican,55.90%,Theresa Gasper ,Democratic,42.20%,David Harlow ,Libertarian,1.90%,,,,,,,
Ohio ,11,1, Marcia Fudge ,Democratic,82.20%,Beverly Goldstein ,Republican,17.80%,,,,,,,,,,
Ohio ,12,1, Troy Balderson ,Republican,51.40%,Danny O'Connor ,Democratic,47.20%,Joseph Manchik ,Green,1.40%,,,,,,,
Ohio ,13,1, Tim Ryan ,Democratic,61.00%,Chris DePizzo ,Republican,39.00%,,,,,,,,,,
Ohio ,14,1, David Joyce ,Republican,55.20%,Betsy Rader ,Democratic,44.80%,,,,,,,,,,
Ohio ,15,1, Steve Stivers ,Republican,58.30%,Rick Neal ,Democratic,39.70%,Johnathan Miller ,Independent,2.00%,,,,,,,
Ohio ,16,0, Anthony Gonzalez ,Republican,56.70%,Susan Moran Palmer ,Democratic,43.30%,,,,,,,,,,
Ohio ,2,1, Brad Wenstrup ,Republican,57.60%,Jill Schiller ,Democratic,41.20%,Steve Myers ,Independent,1.20%,,,,,,,
Ohio ,3,1, Joyce Beatty ,Democratic,73.60%,James Burgess ,Republican,26.40%,,,,,,,,,,
Ohio ,4,1, Jim Jordan ,Republican,65.30%,Janet Garrett ,Democratic,34.70%,,,,,,,,,,
Ohio ,5,1, Bob Latta ,Republican,62.30%,Michael Galbraith ,Democratic,35.10%,Don Kissick ,Libertarian,2.60%,,,,,,,
Ohio ,6,1, Bill Johnson ,Republican,69.30%,Shawna Roberts ,Democratic,30.70%,,,,,,,,,,
Ohio ,7,1, Bob Gibbs ,Republican,58.70%,Ken Harbaugh ,Democratic,41.30%,,,,,,,,,,
Ohio ,8,1, Warren Davidson ,Republican,66.60%,Vanessa Enoch ,Democratic,33.40%,,,,,,,,,,
Ohio ,9,1, Marcy Kaptur ,Democratic,67.80%,Steve Kraus ,Republican,32.20%,,,,,,,,,,
Oklahoma ,2,1, Markwayne Mullin ,Republican,65.00%,Jason Nichols ,Democratic,30.10%,John Foreman ,Independent,3.00%,Richard Castaldo ,Libertarian,1.90%,,,,
Oklahoma ,3,1, Frank Lucas ,Republican,73.90%,Frankie Robbins ,Democratic,26.10%,,,,,,,,,,
Oklahoma ,4,1, Tom Cole ,Republican,63.10%,Mary Brannon ,Democratic,33.00%,Ruby Peters ,Independent,3.90%,,,,,,,
Oklahoma ,5,0, Kendra Horn ,Democratic,50.70%,Steve Russell ,Republican,49.30%,,,,,,,,,,
Oregon ,1,1, Suzanne Bonamici ,Democratic,63.70%,John Verbeek ,Republican,32.10%,Drew Layda 4.2%,,,,,,,,,
Oregon ,2,1, Greg Walden ,Republican,56.30%,Jamie McLeod-Skinner ,Democratic,39.40%,Mark Roberts ,Independent,4.30%,,,,,,,
Oregon ,3,1, Earl Blumenauer ,Democratic,72.70%,Tom Harrison ,Republican,19.90%,Marc Koller ,Independent,5.50%,Gary Dye ,Libertarian,1.50%,Michael Marsh ,Constitution,0.40%,
Oregon ,4,1, Peter DeFazio ,Democratic,56.00%,Art Robinson ,Republican,40.90%,Mike Beilstein ,Pacific Green,1.60%,Richard Johnson ,Libertarian,1.40%,,,,
Oregon ,5,1, Kurt Schrader ,Democratic,55.10%,Mark Callahan ,Republican,41.90%,Dan Souza ,Libertarian,1.60%,Marvin Sandnes ,Pacific Green,1.30%,,,,
Pennsylvania ,1,1, Brian Fitzpatrick ,Republican,51.30%,Scott Wallace ,Democratic,48.70%,,,,,,,,,,
Pennsylvania ,10,1, Scott Perry ,Republican,51.30%,George Scott ,Democratic,48.70%,,,,,,,,,,
Pennsylvania ,11,1, Lloyd Smucker ,Republican,59.00%,Drew Anderson ,Independent,,Jess King ,Democratic,41.00%,,,,,,,
Pennsylvania ,12,1, Tom Marino ,Republican,66.00%,Marc Friedenberg ,Democratic,34.00%,Jerry Kairnes ,Independent,,,,,,,,
Pennsylvania ,13,0, John Joyce ,Republican,70.50%,Brent Ottaway ,Democratic,29.50%,,,,,,,,,,
Pennsylvania ,14,, Guy Reschenthaler ,Republican,57.90%,Bibiana Boerio ,Democratic,42.10%,,,,,,,,,,
Pennsylvania ,15,1, Glenn Thompson ,Republican,67.80%,Susan Boser ,Democratic,32.20%,,,,,,,,,,
Pennsylvania ,16,1, Mike Kelly ,Republican,51.60%,Ron DiNicola ,Democratic,47.30%,Bill Beeman ,Libertarian,1.10%,,,,,,,
Pennsylvania ,17,1, Conor Lamb ,Democratic,56.30%,Keith Rothfus ,Republican,43.70%,,,,,,,,,,
Pennsylvania ,18,1, Mike Doyle ,Democratic, Unopposed,,,,,,,,,,,,,
Pennsylvania ,2,1, Brendan Boyle ,Democratic,79.00%,David Torres ,Republican,21.00%,,,,,,,,,,
Pennsylvania ,3,1, Dwight Evans ,Democratic,93.40%,Bryan Leib ,Republican,6.60%,,,,,,,,,,
Pennsylvania ,4,,Madeleine Dean ,Democratic,63.50%,Dan David ,Republican,36.50%,,,,,,,,,,
Pennsylvania ,5,, Mary Gay Scanlon ,Democratic,65.20%,Pearl Kim ,Republican,34.80%,,,,,,,,,,
Pennsylvania ,6,0, Chrissy Houlahan ,Democratic,58.90%,Greg McCauley ,Republican,41.10%,,,,,,,,,,
Pennsylvania ,7,, Susan Wild ,Democratic,53.50%,Marty Nothstein ,Republican,43.50%,Tom Silfies ,Libertarian,3.00%,,,,,,,
Pennsylvania ,8,1, Matt Cartwright ,Democratic,54.60%,John Chrin ,Republican,45.40%,,,,,,,,,,
Pennsylvania ,9,0, Dan Meuser ,Republican,59.70%,Denny Wolff ,Democratic,40.30%,,,,,,,,,,
RhodeIsland,1,1, David Cicilline ,Democratic,66.90%,Patrick Donovan ,Republican,33.10%,Daniel Joseph Guilmette ,Independent,,,,,,,,
RhodeIsland,2,1, James Langevin ,Democratic,63.60%,Sal Caiozzo ,Republican,36.40%,,,,,,,,,,
SouthCarolina ,1,0, Joe Cunningham ,Democratic,50.70%,Katie Arrington ,Republican,49.30%,,,,,,,,,,
SouthCarolina ,2,1, Joe Wilson ,Republican,56.30%,Sean Carrigan ,Democratic,42.50%,Sonny Narang ,American,1.20%,,,,,,,
SouthCarolina ,3,1, Jeff Duncan ,Republican,67.80%,Mary Geren ,Democratic,31.00%,Dave Moore ,American,1.20%,,,,,,,
SouthCarolina ,4,0, William Timmons ,Republican,59.60%,Brandon Brown ,Democratic,36.60%,Guy Furay ,American,3.80%,,,,,,,
SouthCarolina ,5,1, Ralph Norman ,Republican,57.10%,Archie Parnell ,Democratic,41.50%,Michael Chandler ,Constitution,1.40%,,,,,,,
SouthCarolina ,6,1, Jim Clyburn ,Democratic,70.20%,Gerhard Gressmann ,Republican,28.30%,Bryan Pugh ,Green,1.50%,,,,,,,
SouthCarolina ,7,1, Tom Rice ,Republican,59.60%,Robert Williams ,Democratic,40.40%,Dick Withington ,Libertarian,,,,,,,,
SouthDakota,atLarge,0, Dusty Johnson ,Republican,60.30%,Tim Bjorkman ,Democratic,36.00%,Ron Wieczorek ,Independent,2.20%,George Hendrickson ,Libertarian,1.50%,,,,
Tennessee ,1,1, Phil Roe ,Republican,77.10%,Marty Olsen ,Democratic,21.00%,Michael Salyer ,Independent,1.90%,,,,,,,
Tennessee ,2,0, Tim Burchett ,Republican,65.90%,Renee Hoyos ,Democratic,33.10%,Greg Samples ,Independent,0.40%,Allen Smith ,Independent,,Marc Whitmire ,Independent,,
Tennessee ,3,1, Chuck Fleischmann ,Republican,63.70%,Danielle Mitchell ,Democratic,34.50%,Rick Tyler ,Independent,1.80%,,,,,,,
Tennessee ,4,1, Scott DesJarlais ,Republican,63.40%,Mariah Phillips ,Democratic,33.60%,Michael Shupe ,Independent,3.00%,,,,,,,
Tennessee ,5,1, Jim Cooper ,Democratic,67.80%,Jody Ball ,Republican,32.20%,,,,,,,,,,
Tennessee ,6,0, John Rose ,Republican,69.50%,Dawn Barlow ,Democratic,28.30%,David Ross ,Independent,1.40%,Lloyd Dunn ,Independent,0.90%,,,,
Tennessee ,7,0, Mark Green ,Republican,66.90%,Justin Kanew ,Democratic,32.10%,Lenny Ladner ,Independent,0.60%,Brent Legendre ,Independent,0.40%,,,,
Tennessee ,8,1, David Kustoff ,Republican,67.70%,Erika Stotts Pearson ,Democratic,30.10%,James Hart ,Independent,2.20%,John Boatner ,Democratic,,,,,
Tennessee ,9,1, Steve Cohen ,Democratic,80.00%,Charlotte Bergmann ,Republican,19.20%,Leo AwGoWhat ,Independent,0.80%,,,,,,,
Texas ,1,1, Louie Gohmert ,Republican,72.30%,Shirley McKellar ,Democratic,26.30%,Jeff Callaway ,Libertarian,1.40%,,,,,,,
Texas ,10,1, Michael McCaul ,Republican,51.10%,Mike Siegel ,Democratic,46.80%,Mike Ryan ,Libertarian,2.10%,,,,,,,
Texas ,11,1, Mike Conaway ,Republican,80.10%,Jennie Lou Leeder ,Democratic,18.40%,Rhett Rosenquest Smith ,Libertarian,1.50%,,,,,,,
Texas ,12,1, Kay Granger ,Republican,64.30%,Vanessa Adia ,Democratic,33.90%,Jacob Leddy ,Libertarian,1.80%,,,,,,,
Texas ,13,1, Mac Thornberry ,Republican,81.50%,Greg Sagan ,Democratic,16.90%,Calvin DeWeese ,Libertarian,1.60%,,,,,,,
Texas ,14,1, Randy Weber ,Republican,59.20%,Adrienne Bell ,Democratic,39.30%,Don Conley III ,Libertarian,1.40%,,,,,,,
Texas ,15,1, Vicente Gonzalez ,Democratic,59.70%,Tim Westley ,Republican,38.80%,Anthony Cristo ,Libertarian,1.50%,,,,,,,
Texas ,16,0, Veronica Escobar ,Democratic,68.50%,Rick Seeberger ,Republican,27.00%,Ben Mendoze ,Independent,1.60%,,,,,,,
Texas ,17,1, Bill Flores ,Republican,56.80%,Rick Kennedy ,Democratic,41.30%,Peter Churchman ,Libertarian,1.90%,,,,,,,
Texas ,18,1, Sheila Jackson Lee ,Democratic,75.20%,Ava Pate ,Republican,20.80%,Luke Spencer ,Libertarian,2.20%,,,,,,,
Texas ,19,1, Jodey Arrington ,Republican,75.20%,Miguel Levario ,Democratic,24.80%,,,,,,,,,,
Texas ,2,0, Dan Crenshaw ,Republican,52.80%,Todd Litton ,Democratic,45.60%,Patrick Gunnels ,Libertarian,0.90%,Scott Cubbler ,Independent,0.70%,,,,
Texas ,20,1, Joaquín Castro ,Democratic,80.90%,Jeffrey Blunt ,Libertarian,19.10%,,,,,,,,,,
Texas ,21,0, Chip Roy ,Republican,50.20%,Joseph Kopser ,Democratic,47.60%,Lee Santos ,Libertarian,2.10%,,,,,,,
Texas ,22,1, Pete Olson ,Republican,51.40%,Sri Preston Kulkarni ,Democratic,46.50%,John McElligott ,Libertarian,1.10%,Kellen Sweny ,Independent,1.10%,,,,
Texas ,23,1, Will Hurd ,Republican,49.20%,Gina Ortiz Jones ,Democratic,48.70%,Ruben Corvalan ,Libertarian,2.10%,,,,,,,
Texas ,24,1, Kenny Marchant ,Republican,51.60%,Jan McDowell ,Democratic,48.40%,Mike Kolls ,Libertarian,,,,,,,,
Texas ,25,1, Roger Williams ,Republican,53.50%,Julie Oliver ,Democratic,44.80%,Desarae Lindsey ,Libertarian,1.70%,Martin Luecke ,Independent,,,,,
Texas ,26,1, Michael Burgess ,Republican,59.40%,Linsey Fagan ,Democratic,39.00%,Mark Boler ,Libertarian,1.60%,,,,,,,
Texas ,27,1, Michael Cloud ,Republican,60.30%,Eric Holguin ,Democratic,36.60%,James Duerr ,Independent,2.10%,Daniel Tinus ,Libertarian,1.00%,,,,
Texas ,28,1, Henry Cuellar ,Democratic,84.40%,Arthur Thomas IV ,Libertarian,15.60%,,,,,,,,,,
Texas ,29,0, Sylvia Garcia ,Democratic,75.10%,Phillip Aronoff ,Republican,23.90%,Cullen Burns ,Libertarian,1.00%,,,,,,,
Texas ,3,0, Van Taylor ,Republican,54.30%,Lorie Burch ,Democratic,44.30%,Christopher Claytor ,Libertarian,1.40%,,,,,,,
Texas ,30,1, Eddie Bernice Johnson ,Democratic,91.10%,Shawn Jones ,Libertarian,8.90%,,,,,,,,,,
Texas ,31,1, John Carter ,Republican,50.60%,Mary Jennings Hegar ,Democratic,47.70%,Jason Hope ,Libertarian,1.70%,,,,,,,
Texas ,32,0, Colin Allred ,Democratic,52.30%,Pete Sessions ,Republican,45.80%,Melina Baker ,Libertarian,2.00%,,,,,,,
Texas ,33,1, Marc Veasey ,Democratic,76.20%,Willie Billups ,Republican, 21.9% ,Jason Reeves ,Libertarian,1.90%,,,,,,,
Texas ,34,1, Filemon Vela Jr. ,Democratic,60.00%,Rey Gonzalez ,Republican,40.00%,,,,,,,,,,
Texas ,35,1, Lloyd Doggett ,Democratic,71.30%,David Smalling ,Republican,26.00%,Clark Patterson ,Libertarian,2.70%,,,,,,,
Texas ,36,1, Brian Babin ,Republican,72.60%,Dayna Steele ,Democratic,27.40%,,,,,,,,,,
Texas ,4,1, John Ratcliffe ,Republican,75.70%,Catherine Krantz ,Democratic,23.00%,[190] Ken Ashby ,Libertarian,1.30%,,,,,,,
Texas ,5,0, Lance Gooden ,Republican,62.40%,Dan Wood ,Democratic,37.60%,,,,,,,,,,
Texas ,6,0, Ron Wright ,Republican,53.10%,Jana Lynne Sanchez ,Democratic,45.40%,Jason Allen Harber ,Libertarian,1.50%,,,,,,,
Texas ,7,0, Lizzie Fletcher ,Democratic,52.50%,John Culberson ,Republican,47.50%,,,,,,,,,,
Texas,8,1, Kevin Brady ,Republican,73.40%,Steven David ,Democratic,24.90%,Chris Duncan ,Libertarian,1.70%,,,,,,,
Texas ,9,1, Al Green ,Democratic,89.10%,Phil Kurtz ,Libertarian,3.90%,Benjamin Hernandez ,Independent,3.80%,Kesha Rogers ,Independent,3.30%,,,,
Utah ,1,1, Rob Bishop ,Republican,61.60%,Lee Castillo ,Democratic,24.90%,Eric Eliason ,United Utah,11.60%,Adam Davis ,Green,,,,,
Utah ,2,1, Chris Stewart ,Republican,56.10%,Shireen Ghorbani ,Democratic,38.90%,Jeffrey Whipple ,Libertarian,4.00%,,,,,,,
Utah ,3,1, John Curtis ,Republican,67.50%,James Singer ,Democratic,27.30%,Timothy Zeidner ,United Utah,2.60%,Gregory Duerden ,Independent American,,,,,
Utah ,4,0, Ben McAdams ,Democratic,50.10%,Mia Love ,Republican,49.90%,,,,,,,,,,
Vermont,atLarge,1, Peter Welch ,Democratic,69.20%,Anya Tynio ,Republican,26.00%,Cris Ericson ,Independent,3.30%,Laura Potter ,Liberty Union,1.40%,,,,
Virginia ,1,1, Rob Wittman ,Republican,55.20%,Vangie Williams ,Democratic,44.80%,,,,,,,,,,
Virginia ,10,0, Jennifer Wexton ,Democratic,56.20%,Barbara Comstock ,Republican,43.80%,,,,,,,,,,
Virginia ,11,1, Gerry Connolly ,Democratic,71.20%,Jeff Dove ,Republican,27.00%,Stevan Porter ,Libertarian,1.80%,,,,,,,
Virginia ,2,0, Elaine Luria ,Democratic,51.10%,Scott Taylor ,Republican,48.90%,,,,,,,,,,
Virginia ,3,1, Bobby Scott ,Democratic, Unopposed,,,,,,,,,,,,,
Virginia ,4,1, Donald McEachin ,Democratic,62.60%,Ryan McAdams ,Republican,36.00%,Pete Wells ,Libertarian,1.40%,,,,,,,
Virginia ,5,0, Denver Riggleman ,Republican,53.30%,Leslie Cockburn ,Democratic,46.70%,,,,,,,,,,
Virginia ,6,0, Ben Cline ,Republican,59.80%,Jennifer Lewis ,Democratic,40.20%,,,,,,,,,,
Virginia ,7,0, Abigail Spanberger ,Democratic,50.40%,Dave Brat ,Republican,48.40%,Joe Walton ,Libertarian,1.20%,,,,,,,
Virginia ,8,1, Don Beyer ,Democratic,76.30%,Thomas Oh ,Republican,23.70%,,,,,,,,,,
Virginia ,9,1, Morgan Griffith ,Republican,65.20%,Anthony Flaccavento ,Democratic,34.80%,,,,,,,,,,
Washington ,1,1, Suzan DelBene ,Democratic,59.30%,Jeffrey Beeler ,Republican,40.70%,,,,,,,,,,
Washington ,10,1, Denny Heck ,Democratic,61.50%,Joseph Brumbles ,Republican,38.50%,,,,,,,,,,
Washington ,2,1, Rick Larsen ,Democratic,71.30%,Brian Luke ,Libertarian,28.70%,,,,,,,,,,
Washington ,3,1, Jaime Herrera Beutler ,Republican,52.70%,Carolyn Long ,Democratic,47.30%,,,,,,,,,,
Washington ,4,1, Dan Newhouse ,Republican,62.80%,Christine Brown ,Democratic,37.20%,,,,,,,,,,
Washington ,5,1, Cathy McMorris Rodgers ,Republican,54.80%,Lisa Brown ,Democratic,45.20%,,,,,,,,,,
Washington ,6,1, Derek Kilmer ,Democratic,63.90%,Douglas Dightman ,Republican,36.10%,,,,,,,,,,
Washington ,7,1, Pramila Jayapal ,Democratic,83.60%,Craig Keller ,Republican,16.40%,,,,,,,,,,
Washington ,8,0, Kim Schrier ,Democratic,52.40%,Dino Rossi ,Republican,47.60%,,,,,,,,,,
Washington ,9,1, Adam Smith ,Democratic,67.90%,Sarah Smith ,Democratic,32.10%,,,,,,,,,,
WestVirginia ,1,1, David McKinley ,Republican,64.60%,Kendra Fershee ,Democratic,35.40%,,,,,,,,,,
WestVirginia ,2,1, Alex Mooney ,Republican,54.00%,Talley Sergent ,Democratic,43.00%,Daniel Lutz ,Mountain,3.10%,,,,,,,
WestVirginia ,3,, Carol Miller ,Republican,56.40%,Richard Ojeda ,Democratic,43.60%,,,,,,,,,,
Wisconsin ,1,0, Bryan Steil ,Republican,54.60%,Randy Bryce ,Democratic,42.30%,Ken Yorgan ,Independent,3.10%,,,,,,,
Wisconsin ,2,1, Mark Pocan ,Democratic, Unopposed,,,,,,,,,,,,,
Wisconsin ,3,1, Ron Kind ,Democratic,59.70%,Steve Toft ,Republican,40.30%,,,,,,,,,,
Wisconsin ,4,1, Gwen Moore ,Democratic,75.70%,Tim Rogers ,Republican,21.70%,Robert Raymond ,Independent,2.60%,,,,,,,
Wisconsin ,5,1, Jim Sensenbrenner ,Republican,62.00%,Tom Palzewicz ,Democratic,38.00%,,,,,,,,,,
Wisconsin ,6,1, Glenn Grothman ,Republican,55.50%,Dan Kohl ,Democratic,44.50%,,,,,,,,,,
Wisconsin ,7,1, Sean Duffy ,Republican,59.90%,Margaret Engebretson ,Democratic,38.40%,Ken Driessen ,Direct Participatory Democracy,1.70%,,,,,,,
Wisconsin ,8,1, Mike Gallagher ,Republican,63.70%,Beau Liegeois ,Democratic,36.30%,,,,,,,,,,
Wyoming,atLarge,1, Liz Cheney ,Republican,63.70%,Greg Hunter ,Democratic,29.80%,Richard Brubaker ,Libertarian,3.50%,,,,,,,
,,,,,,,,,,,,,,,,,,
,,,,,,,,,,,,,,,,,,
,,,,,,,,,,,,,,,,,,
,,,,,,,,,,,,,,,,,,
,,,,,,,,,,,,,,,,,,
,,,,,,,,,,,,,,,,,,
,,,,,,,,,,,,,,,,,,
,,,,,,,,,,,,,,,,,,
,,,,,,,,,,,,,,,,,,
,,,,,,,,,,,,,,,,,,
,,,,,,,,,,,,,,,,,,
,,,,,,,,,,,,,,,,,,
,,,,,,,,,,,,,,,,,,
,,,,,,,,,,,,,,,,,,
,,,,,,,,,,,,,,,,,,
,,,,,,,,,,,,,,,,,,
,,,,,,,,,,,,,,,,,,
,,,,,,,,,,,,,,,,,,
,,,,,,,,,,,,,,,,,,
,,,,,,,,,,,,,,,,,,
,,,,,,,,,,,,,,,,,,
,,,,,,,,,,,,,,,,,,
,,,,,,,,,,,,,,,,,,
,,,,,,,,,,,,,,,,,,
,,,,,,,,,,,,,,,,,,
,,,,,,,,,,,,,,,,,,
,,,,,,,,,,,,,,,,,,
,,,,,,,,,,,,,,,,,,
,,,,,,,,,,,,,,,,,,
,,,,,,,,,,,,,,,,,,
,,,,,,,,,,,,,,,,,,
,,,,,,,,,,,,,,,,,,
,,,,,,,,,,,,,,,,,,
,,,,,,,,,,,,,,,,,,
,,,,,,,,,,,,,,,,,,
,,,,,,,,,,,,,,,,,,
,,,,,,,,,,,,,,,,,,
,,,,,,,,,,,,,,,,,,
,,,,,,,,,,,,,,,,,,
,,,,,,,,,,,,,,,,,,
,,,,,,,,,,,,,,,,,,
,,,,,,,,,,,,,,,,,,
,,,,,,,,,,,,,,,,,,
,,,,,,,,,,,,,,,,,,
,,,,,,,,,,,,,,,,,,
,,,,,,,,,,,,,,,,,,
,,,,,,,,,,,,,,,,,,
,,,,,,,,,,,,,,,,,,
,,,,,,,,,,,,,,,,,,
,,,,,,,,,,,,,,,,,,
,,,,,,,,,,,,,,,,,,
,,,,,,,,,,,,,,,,,,
,,,,,,,,,,,,,,,,,,
,,,,,,,,,,,,,,,,,,
,,,,,,,,,,,,,,,,,,
,, ,,,,,,,,,,,,,,,,
,,  ,,,,,,,,,,,,,,,,
,,,,,,,,,,,,,,,,,,
,,,,,,,,,,,,,,,,,,
,,,,,,,,,,,,,,,,,,
,,,,,,,,,,,,,,,,,,
,,,,,,,,,,,,,,,,,,
,,,,,,,,,,,,,,,,,,
,,,,,,,,,,,,,,,,,,
,,,,,,,,,,,,,,,,,,
,,,,,,,,,,,,,,,,,,
,,,,,,,,,,,,,,,,,,
,,,,,,,,,,,,,,,,,,
,,,,,,,,,,,,,,,,,,
,, ,,,,,,,,,,,,,,,,
,,,,,,,,,,,,,,,,,,
,,,,,,,,,,,,,,,,,,
,,,,,,,,,,,,,,,,,,
,,,,,,,,,,,,,,,,,,
,,,,,,,,,,,,,,,,,,
,,,,,,,,,,,,,,,,,,
,,,,,,,,,,,,,,,,,,
,,,,,,,,,,,,,,,,,,
,, ,,,,,,,,,,,,,,,,
,,,,,,,,,,,,,,,,,,
,,,,,,,,,,,,,,,,,,
,, ,,,,,,,,,,,,,,,,
,,  ,,,,,,,,,,,,,,,,
,,,,,,,,,,,,,,,,,,
,,,,,,,,,,,,,,,,,,
,,,,,,,,,,,,,,,,,,
,,,,,,,,,,,,,,,,,,
,,,,,,,,,,,,,,,,,,
,,,,,,,,,,,,,,,,,,
,,,,,,,,,,,,,,,,,,
,,,,,,,,,,,,,,,,,,
,, ,,,,,,,,,,,,,,,,
,,  ,,,,,,,,,,,,,,,,
,,,,,,,,,,,,,,,,,,
,,,,,,,,,,,,,,,,,,
,,,,,,,,,,,,,,,,,,
,,,,,,,,,,,,,,,,,,
,,,,,,,,,,,,,,,,,,
,,,,,,,,,,,,,,,,,,
,,,,,,,,,,,,,,,,,,
,, ,,,,,,,,,,,,,,,,
,,  ,,,,,,,,,,,,,,,,
,,,,,,,,,,,,,,,,,,
,, ,,,,,,,,,,,,,,,,
,,  ,,,,,,,,,,,,,,,,
,,,,,,,,,,,,,,,,,,
,,,,,,,,,,,,,,,,,,
,,,,,,,,,,,,,,,,,,
,, ,,,,,,,,,,,,,,,,
,,  ,,,,,,,,,,,,,,,,
,,,,,,,,,,,,,,,,,,
,,,,,,,,,,,,,,,,,,
,,,,,,,,,,,,,,,,,,
,, ,,,,,,,,,,,,,,,,
,,  ,,,,,,,,,,,,,,,,
,,,,,,,,,,,,,,,,,,
,,,,,,,,,,,,,,,,,,
,,,,,,,,,,,,,,,,,,
,,,,,,,,,,,,,,,,,,
,,,,,,,,,,,,,,,,,,
,,,,,,,,,,,,,,,,,,
,,,,,,,,,,,,,,,,,,
,, ,,,,,,,,,,,,,,,,
,,  ,,,,,,,,,,,,,,,,
,, ,,,,,,,,,,,,,,,,
,,  ,,,,,,,,,,,,,,,,
,,,,,,,,,,,,,,,,,,
,,,,,,,,,,,,,,,,,,
,,,,,,,,,,,,,,,,,,
,,,,,,,,,,,,,,,,,,
,,,,,,,,,,,,,,,,,,
,,,,,,,,,,,,,,,,,,
,,,,,,,,,,,,,,,,,,
,,,,,,,,,,,,,,,,,,
,,,,,,,,,,,,,,,,,,
,,,,,,,,,,,,,,,,,,
,,,,,,,,,,,,,,,,,,
,,,,,,,,,,,,,,,,,,
,,,,,,,,,,,,,,,,,,
,,,,,,,,,,,,,,,,,,
,,,,,,,,,,,,,,,,,,
,,,,,,,,,,,,,,,,,,
,,,,,,,,,,,,,,,,,,
,,,,,,,,,,,,,,,,,,
,,,,,,,,,,,,,,,,,,
,,,,,,,,,,,,,,,,,,
,,,,,,,,,,,,,,,,,,
,,,,,,,,,,,,,,,,,,
,,,,,,,,,,,,,,,,,,
,,,,,,,,,,,,,,,,,,
,,,,,,,,,,,,,,,,,,
,,,,,,,,,,,,,,,,,,
,,,,,,,,,,,,,,,,,,
,,,,,,,,,,,,,,,,,,
,,,,,,,,,,,,,,,,,,
,,,,,,,,,,,,,,,,,,
,,,,,,,,,,,,,,,,,,
,,,,,,,,,,,,,,,,,,
,,,,,,,,,,,,,,,,,,
,,,,,,,,,,,,,,,,,,
,,,,,,,,,,,,,,,,,,
,, ,,,,,,,,,,,,,,,,
,,  ,,,,,,,,,,,,,,,,
,,,,,,,,,,,,,,,,,,
,,,,,,,,,,,,,,,,,,
,,,,,,,,,,,,,,,,,,
,,,,,,,,,,,,,,,,,,
,,,,,,,,,,,,,,,,,,
,,,,,,,,,,,,,,,,,,
,,,,,,,,,,,,,,,,,,
,,,,,,,,,,,,,,,,,,
,,,,,,,,,,,,,,,,,,
,,,,,,,,,,,,,,,,,,
,,,,,,,,,,,,,,,,,,
,,,,,,,,,,,,,,,,,,
,, ,,,,,,,,,,,,,,,,
,,  ,,,,,,,,,,,,,,,,
,,,,,,,,,,,,,,,,,,
,,,,,,,,,,,,,,,,,,
,,,,,,,,,,,,,,,,,,
,,,,,,,,,,,,,,,,,,
,,,,,,,,,,,,,,,,,,
,,,,,,,,,,,,,,,,,,
,,,,,,,,,,,,,,,,,,
,,,,,,,,,,,,,,,,,,
,, ,,,,,,,,,,,,,,,,
,,  ,,,,,,,,,,,,,,,,
,,,,,,,,,,,,,,,,,,
,,,,,,,,,,,,,,,,,,
,,,,,,,,,,,,,,,,,,
,, ,,,,,,,,,,,,,,,,
,,  ,,,,,,,,,,,,,,,,
,,,,,,,,,,,,,,,,,,
,,,,,,,,,,,,,,,,,,
,,,,,,,,,,,,,,,,,,
,,,,,,,,,,,,,,,,,,
,,,,,,,,,,,,,,,,,,
,,,,,,,,,,,,,,,,,,
,,,,,,,,,,,,,,,,,,
,,,,,,,,,,,,,,,,,,
,,,,,,,,,,,,,,,,,,
,,,,,,,,,,,,,,,,,,
,,,,,,,,,,,,,,,,,,
,,,,,,,,,,,,,,,,,,
,, ,,,,,,,,,,,,,,,,
,,  ,,,,,,,,,,,,,,,,
,, ,,,,,,,,,,,,,,,,
,,  ,,,,,,,,,,,,,,,,
,,,,,,,,,,,,,,,,,,
,,,,,,,,,,,,,,,,,,
,,,,,,,,,,,,,,,,,,
,,,,,,,,,,,,,,,,,,
,, ,,,,,,,,,,,,,,,,
,,  ,,,,,,,,,,,,,,,,
,,,,,,,,,,,,,,,,,,
,,,,,,,,,,,,,,,,,,
,,,,,,,,,,,,,,,,,,
,,,,,,,,,,,,,,,,,,
,,,,,,,,,,,,,,,,,,
,,,,,,,,,,,,,,,,,,
,,,,,,,,,,,,,,,,,,
,,,,,,,,,,,,,,,,,,
,,,,,,,,,,,,,,,,,,
,,,,,,,,,,,,,,,,,,
,, ,,,,,,,,,,,,,,,,
,,  ,,,,,,,,,,,,,,,,
,, ,,,,,,,,,,,,,,,,
,,  ,,,,,,,,,,,,,,,,
,, ,,,,,,,,,,,,,,,,
,,  ,,,,,,,,,,,,,,,,
,,,,,,,,,,,,,,,,,,
,,,,,,,,,,,,,,,,,,
,, ,,,,,,,,,,,,,,,,
,,  ,,,,,,,,,,,,,,,,
,,,,,,,,,,,,,,,,,,
,,,,,,,,,,,,,,,,,,
,, ,,,,,,,,,,,,,,,,
,,  ,,,,,,,,,,,,,,,,
,,,,,,,,,,,,,,,,,,
,, ,,,,,,,,,,,,,,,,
,,  ,,,,,,,,,,,,,,,,
,,,,,,,,,,,,,,,,,,
,,,,,,,,,,,,,,,,,,
,,,,,,,,,,,,,,,,,,
,,,,,,,,,,,,,,,,,,
,,,,,,,,,,,,,,,,,,
,,,,,,,,,,,,,,,,,,
,,,,,,,,,,,,,,,,,,
,,,,,,,,,,,,,,,,,,
,,,,,,,,,,,,,,,,,,
,,,,,,,,,,,,,,,,,,
,,,,,,,,,,,,,,,,,,
,,,,,,,,,,,,,,,,,,
,,,,,,,,,,,,,,,,,,
,,,,,,,,,,,,,,,,,,
,,,,,,,,,,,,,,,,,,
,,,,,,,,,,,,,,,,,,
,,,,,,,,,,,,,,,,,,
,,,,,,,,,,,,,,,,,,
,,,,,,,,,,,,,,,,,,
,,,,,,,,,,,,,,,,,,
,,,,,,,,,,,,,,,,,,
,,,,,,,,,,,,,,,,,,
,,,,,,,,,,,,,,,,,,
,,,,,,,,,,,,,,,,,,
,,,,,,,,,,,,,,,,,,
,,,,,,,,,,,,,,,,,,
,,,,,,,,,,,,,,,,,,
,,,,,,,,,,,,,,,,,,
,,,,,,,,,,,,,,,,,,
,,,,,,,,,,,,,,,,,,
,, ,,,,,,,,,,,,,,,,
,,  ,,,,,,,,,,,,,,,,
,,,,,,,,,,,,,,,,,,
,,,,,,,,,,,,,,,,,,
,,,,,,,,,,,,,,,,,,
,,,,,,,,,,,,,,,,,,
,, ,,,,,,,,,,,,,,,,
,,  ,,,,,,,,,,,,,,,,
,,,,,,,,,,,,,,,,,,
,,,,,,,,,,,,,,,,,,
,,,,,,,,,,,,,,,,,,
,, ,,,,,,,,,,,,,,,,
,,  ,,,,,,,,,,,,,,,,
,,,,,,,,,,,,,,,,,,
,,,,,,,,,,,,,,,,,,
,,,,,,,,,,,,,,,,,,
,,,,,,,,,,,,,,,,,,
,,,,,,,,,,,,,,,,,,
,,,,,,,,,,,,,,,,,,
,, ,,,,,,,,,,,,,,,,
,,  ,,,,,,,,,,,,,,,,
,,,,,,,,,,,,,,,,,,
,,,,,,,,,,,,,,,,,,
,,,,,,,,,,,,,,,,,,
,, ,,,,,,,,,,,,,,,,
,,  ,,,,,,,,,,,,,,,,
,,,,,,,,,,,,,,,,,,
,,,,,,,,,,,,,,,,,,
,,,,,,,,,,,,,,,,,,
,,,,,,,,,,,,,,,,,,
,,,,,,,,,,,,,,,,,,
,,,,,,,,,,,,,,,,,,
,,,,,,,,,,,,,,,,,,
,,,,,,,,,,,,,,,,,,
,,,,,,,,,,,,,,,,,,
,,,,,,,,,,,,,,,,,,
,, ,,,,,,,,,,,,,,,,
,,  ,,,,,,,,,,,,,,,,
,,,,,,,,,,,,,,,,,,
,,,,,,,,,,,,,,,,,,
,,,,,,,,,,,,,,,,,,
,,,,,,,,,,,,,,,,,,
,,,,,,,,,,,,,,,,,,
,,,,,,,,,,,,,,,,,,
,,,,,,,,,,,,,,,,,,
,,,,,,,,,,,,,,,,,,
,, ,,,,,,,,,,,,,,,,
,,  ,,,,,,,,,,,,,,,,
,,,,,,,,,,,,,,,,,,
,,,,,,,,,,,,,,,,,,
,, ,,,,,,,,,,,,,,,,
,,  ,,,,,,,,,,,,,,,,
,, ,,,,,,,,,,,,,,,,
,,  ,,,,,,,,,,,,,,,,
,,,,,,,,,,,,,,,,,,
,,,,,,,,,,,,,,,,,,
,,,,,,,,,,,,,,,,,,
,,,,,,,,,,,,,,,,,,
,,,,,,,,,,,,,,,,,,
,,,,,,,,,,,,,,,,,,
,,,,,,,,,,,,,,,,,,
,,,,,,,,,,,,,,,,,,
,,,,,,,,,,,,,,,,,,
,,,,,,,,,,,,,,,,,,
,,,,,,,,,,,,,,,,,,
,,,,,,,,,,,,,,,,,,
,,,,,,,,,,,,,,,,,,
,,,,,,,,,,,,,,,,,,
,,,,,,,,,,,,,,,,,,
,, ,,,,,,,,,,,,,,,,
,,  ,,,,,,,,,,,,,,,,
,,,,,,,,,,,,,,,,,,
,,,,,,,,,,,,,,,,,,
,,,,,,,,,,,,,,,,,,
,, ,,,,,,,,,,,,,,,,
,,  ,,,,,,,,,,,,,,,,
,,,,,,,,,,,,,,,,,,
,,,,,,,,,,,,,,,,,,
,,,,,,,,,,,,,,,,,,
,,,,,,,,,,,,,,,,,,
,,,,,,,,,,,,,,,,,,
,, ,,,,,,,,,,,,,,,,
,,  ,,,,,,,,,,,,,,,,
,,,,,,,,,,,,,,,,,,
,,,,,,,,,,,,,,,,,,
,,,,,,,,,,,,,,,,,,
,,,,,,,,,,,,,,,,,,
,, ,,,,,,,,,,,,,,,,
,,  ,,,,,,,,,,,,,,,,
,,,,,,,,,,,,,,,,,,
,,,,,,,,,,,,,,,,,,
,,,,,,,,,,,,,,,,,,
,,,,,,,,,,,,,,,,,,
,,,,,,,,,,,,,,,,,,
,,,,,,,,,,,,,,,,,,
,,,,,,,,,,,,,,,,,,
,,,,,,,,,,,,,,,,,,
,,,,,,,,,,,,,,,,,,
,,,,,,,,,,,,,,,,,,
,,,,,,,,,,,,,,,,,,
,,,,,,,,,,,,,,,,,,
,,,,,,,,,,,,,,,,,,
,,,,,,,,,,,,,,,,,,
,,,,,,,,,,,,,,,,,,
,,,,,,,,,,,,,,,,,,
,,,,,,,,,,,,,,,,,,
,,,,,,,,,,,,,,,,,,
,,,,,,,,,,,,,,,,,,
,,,,,,,,,,,,,,,,,,
,,,,,,,,,,,,,,,,,,
,,,,,,,,,,,,,,,,,,
,,,,,,,,,,,,,,,,,,
,,,,,,,,,,,,,,,,,,
,,,,,,,,,,,,,,,,,,
,,,,,,,,,,,,,,,,,,
,,,,,,,,,,,,,,,,,,
,, ,,,,,,,,,,,,,,,,
,,  ,,,,,,,,,,,,,,,,
,,,,,,,,,,,,,,,,,,
,,,,,,,,,,,,,,,,,,
,,,,,,,,,,,,,,,,,,
,,,,,,,,,,,,,,,,,,
,,,,,,,,,,,,,,,,,,
,,,,,,,,,,,,,,,,,,
,,,,,,,,,,,,,,,,,,
,,,,,,,,,,,,,,,,,,
,,,,,,,,,,,,,,,,,,
,,,,,,,,,,,,,,,,,,
,,,,,,,,,,,,,,,,,,
,,,,,,,,,,,,,,,,,,
,,,,,,,,,,,,,,,,,,
,,,,,,,,,,,,,,,,,,
,,,,,,,,,,,,,,,,,,
,,,,,,,,,,,,,,,,,,
,,,,,,,,,,,,,,,,,,
,,,,,,,,,,,,,,,,,,
,,,,,,,,,,,,,,,,,,
,,,,,,,,,,,,,,,,,,
,,,,,,,,,,,,,,,,,,
,, ,,,,,,,,,,,,,,,,
,,  ,,,,,,,,,,,,,,,,
,,,,,,,,,,,,,,,,,,
,,,,,,,,,,,,,,,,,,
,,,,,,,,,,,,,,,,,,
,,,,,,,,,,,,,,,,,,
,,,,,,,,,,,,,,,,,,
,,,,,,,,,,,,,,,,,,
,, ,,,,,,,,,,,,,,,,
,,  ,,,,,,,,,,,,,,,,
,,,,,,,,,,,,,,,,,,
,,,,,,,,,,,,,,,,,,
,,,,,,,,,,,,,,,,,,
,,,,,,,,,,,,,,,,,,
,,,,,,,,,,,,,,,,,,
,,,,,,,,,,,,,,,,,,
,,,,,,,,,,,,,,,,,,
,,,,,,,,,,,,,,,,,,
,,,,,,,,,,,,,,,,,,
,,,,,,,,,,,,,,,,,,
,,,,,,,,,,,,,,,,,,
,,,,,,,,,,,,,,,,,,
,,,,,,,,,,,,,,,,,,
,,,,,,,,,,,,,,,,,,
,,,,,,,,,,,,,,,,,,
,,,,,,,,,,,,,,,,,,
,,,,,,,,,,,,,,,,,,
,,,,,,,,,,,,,,,,,,
,,,,,,,,,,,,,,,,,,
,, ,,,,,,,,,,,,,,,,
,,  ,,,,,,,,,,,,,,,,
,,,,,,,,,,,,,,,,,,
,,,,,,,,,,,,,,,,,,
,,,,,,,,,,,,,,,,,,
,, ,,,,,,,,,,,,,,,,
,,  ,,,,,,,,,,,,,,,,
,,,,,,,,,,,,,,,,,,
,,,,,,,,,,,,,,,,,,
,,,,,,,,,,,,,,,,,,
,,,,,,,,,,,,,,,,,,
,,,,,,,,,,,,,,,,,,
,, ,,,,,,,,,,,,,,,,
,,  ,,,,,,,,,,,,,,,,
,,,,,,,,,,,,,,,,,,
,,,,,,,,,,,,,,,,,,
,,,,,,,,,,,,,,,,,,
,,,,,,,,,,,,,,,,,,
,,,,,,,,,,,,,,,,,,
,,,,,,,,,,,,,,,,,,
,,,,,,,,,,,,,,,,,,
,,,,,,,,,,,,,,,,,,
,,,,,,,,,,,,,,,,,,
,,,,,,,,,,,,,,,,,,
,, ,,,,,,,,,,,,,,,,
,,  ,,,,,,,,,,,,,,,,
,,,,,,,,,,,,,,,,,,
,,,,,,,,,,,,,,,,,,
,,,,,,,,,,,,,,,,,,
,,,,,,,,,,,,,,,,,,
,, ,,,,,,,,,,,,,,,,
,,  ,,,,,,,,,,,,,,,,
,,,,,,,,,,,,,,,,,,
,,,,,,,,,,,,,,,,,,
,,,,,,,,,,,,,,,,,,
,,,,,,,,,,,,,,,,,,
,,,,,,,,,,,,,,,,,,
,,,,,,,,,,,,,,,,,,
,, ,,,,,,,,,,,,,,,,
,,  ,,,,,,,,,,,,,,,,
,,,,,,,,,,,,,,,,,,
,,,,,,,,,,,,,,,,,,
,,,,,,,,,,,,,,,,,,
,, ,,,,,,,,,,,,,,,,
,,  ,,,,,,,,,,,,,,,,
,,,,,,,,,,,,,,,,,,
,,,,,,,,,,,,,,,,,,
,,,,,,,,,,,,,,,,,,
,,,,,,,,,,,,,,,,,,
,,,,,,,,,,,,,,,,,,
,,,,,,,,,,,,,,,,,,
,,,,,,,,,,,,,,,,,,
,,,,,,,,,,,,,,,,,,
,, ,,,,,,,,,,,,,,,,
,,  ,,,,,,,,,,,,,,,,
,,,,,,,,,,,,,,,,,,
,, ,,,,,,,,,,,,,,,,
,,  ,,,,,,,,,,,,,,,,
,,,,,,,,,,,,,,,,,,
,,,,,,,,,,,,,,,,,,
,,,,,,,,,,,,,,,,,,
,,,,,,,,,,,,,,,,,,
,,,,,,,,,,,,,,,,,,
,,,,,,,,,,,,,,,,,,
,,,,,,,,,,,,,,,,,,
,,,,,,,,,,,,,,,,,,
,, ,,,,,,,,,,,,,,,,
,,  ,,,,,,,,,,,,,,,,
,,,,,,,,,,,,,,,,,,
,, ,,,,,,,,,,,,,,,,
,,  ,,,,,,,,,,,,,,,,
,,,,,,,,,,,,,,,,,,
,,,,,,,,,,,,,,,,,,
,, ,,,,,,,,,,,,,,,,
,,  ,,,,,,,,,,,,,,,,
,, ,,,,,,,,,,,,,,,,
,,  ,,,,,,,,,,,,,,,,
,, ,,,,,,,,,,,,,,,,
,,  ,,,,,,,,,,,,,,,,
,,,,,,,,,,,,,,,,,,
,,,,,,,,,,,,,,,,,,
,,,,,,,,,,,,,,,,,,
,,,,,,,,,,,,,,,,,,
,,,,,,,,,,,,,,,,,,
,,,,,,,,,,,,,,,,,,
,,,,,,,,,,,,,,,,,,
,,,,,,,,,,,,,,,,,,
,,,,,,,,,,,,,,,,,,
,,,,,,,,,,,,,,,,,,
,,,,,,,,,,,,,,,,,,
,,,,,,,,,,,,,,,,,,
,,,,,,,,,,,,,,,,,,
,,,,,,,,,,,,,,,,,,
,,,,,,,,,,,,,,,,,,
,,,,,,,,,,,,,,,,,,
,,,,,,,,,,,,,,,,,,
,, ,,,,,,,,,,,,,,,,
,,  ,,,,,,,,,,,,,,,,
,,,,,,,,,,,,,,,,,,
,,,,,,,,,,,,,,,,,,
,,,,,,,,,,,,,,,,,,
,,,,,,,,,,,,,,,,,,
,,,,,,,,,,,,,,,,,,
,,,,,,,,,,,,,,,,,,
,, ,,,,,,,,,,,,,,,,
,,  ,,,,,,,,,,,,,,,,
,,,,,,,,,,,,,,,,,,
,,,,,,,,,,,,,,,,,,
,,,,,,,,,,,,,,,,,,
,,,,,,,,,,,,,,,,,,
,,,,,,,,,,,,,,,,,,
,,,,,,,,,,,,,,,,,,
,,,,,,,,,,,,,,,,,,
,,,,,,,,,,,,,,,,,,
,,,,,,,,,,,,,,,,,,
,,,,,,,,,,,,,,,,,,
,,,,,,,,,,,,,,,,,,
,,,,,,,,,,,,,,,,,,
,,,,,,,,,,,,,,,,,,
,,,,,,,,,,,,,,,,,,
,,,,,,,,,,,,,,,,,,
,,,,,,,,,,,,,,,,,,
,, ,,,,,,,,,,,,,,,,
,,  ,,,,,,,,,,,,,,,,
,,,,,,,,,,,,,,,,,,
,,,,,,,,,,,,,,,,,,
,,,,,,,,,,,,,,,,,,
,, ,,,,,,,,,,,,,,,,
,,  ,,,,,,,,,,,,,,,,
,,,,,,,,,,,,,,,,,,
,,,,,,,,,,,,,,,,,,
,,,,,,,,,,,,,,,,,,
,,,,,,,,,,,,,,,,,,
,,,,,,,,,,,,,,,,,,
,,,,,,,,,,,,,,,,,,
,,,,,,,,,,,,,,,,,,
,,,,,,,,,,,,,,,,,,
,,,,,,,,,,,,,,,,,,
,,,,,,,,,,,,,,,,,,
,,,,,,,,,,,,,,,,,,
,,,,,,,,,,,,,,,,,,
,,,,,,,,,,,,,,,,,,
,,,,,,,,,,,,,,,,,,
,, ,,,,,,,,,,,,,,,,
,,  ,,,,,,,,,,,,,,,,
,,,,,,,,,,,,,,,,,,
,,,,,,,,,,,,,,,,,,
,,,,,,,,,,,,,,,,,,
,,,,,,,,,,,,,,,,,,
,, ,,,,,,,,,,,,,,,,
,,  ,,,,,,,,,,,,,,,,
,,,,,,,,,,,,,,,,,,
,,,,,,,,,,,,,,,,,,
,, ,,,,,,,,,,,,,,,,
,,  ,,,,,,,,,,,,,,,,
,, ,,,,,,,,,,,,,,,,
,,  ,,,,,,,,,,,,,,,,
,, ,,,,,,,,,,,,,,,,
,,  ,,,,,,,,,,,,,,,,
,,,,,,,,,,,,,,,,,,
,,,,,,,,,,,,,,,,,,
,, ,,,,,,,,,,,,,,,,
,,  ,,,,,,,,,,,,,,,,
,,,,,,,,,,,,,,,,,,
,,,,,,,,,,,,,,,,,,
,,,,,,,,,,,,,,,,,,
,,,,,,,,,,,,,,,,,,
,,,,,,,,,,,,,,,,,,
,,,,,,,,,,,,,,,,,,
,,,,,,,,,,,,,,,,,,
,,,,,,,,,,,,,,,,,,
,,,,,,,,,,,,,,,,,,
,, ,,,,,,,,,,,,,,,,
,,  ,,,,,,,,,,,,,,,,
,,,,,,,,,,,,,,,,,,
,,,,,,,,,,,,,,,,,,
,,,,,,,,,,,,,,,,,,
,,,,,,,,,,,,,,,,,,
,,,,,,,,,,,,,,,,,,
,,,,,,,,,,,,,,,,,,
,,,,,,,,,,,,,,,,,,
,, ,,,,,,,,,,,,,,,,
,,  ,,,,,,,,,,,,,,,,
,,,,,,,,,,,,,,,,,,
,,,,,,,,,,,,,,,,,,
,,,,,,,,,,,,,,,,,,
,,,,,,,,,,,,,,,,,,
,,,,,,,,,,,,,,,,,,
,,,,,,,,,,,,,,,,,,
,,,,,,,,,,,,,,,,,,
,,,,,,,,,,,,,,,,,,
,,,,,,,,,,,,,,,,,,
,,,,,,,,,,,,,,,,,,
,,,,,,,,,,,,,,,,,,
,,,,,,,,,,,,,,,,,,
,,,,,,,,,,,,,,,,,,
,,,,,,,,,,,,,,,,,,
,,,,,,,,,,,,,,,,,,
,,,,,,,,,,,,,,,,,,
,,,,,,,,,,,,,,,,,,
,,,,,,,,,,,,,,,,,,
,,,,,,,,,,,,,,,,,,
,,,,,,,,,,,,,,,,,,
,,,,,,,,,,,,,,,,,,
,,,,,,,,,,,,,,,,,,
,,,,,,,,,,,,,,,,,,
,,,,,,,,,,,,,,,,,,
,,,,,,,,,,,,,,,,,,
,,,,,,,,,,,,,,,,,,
,,,,,,,,,,,,,,,,,,
,,,,,,,,,,,,,,,,,,
,,,,,,,,,,,,,,,,,,
,,,,,,,,,,,,,,,,,,
,,,,,,,,,,,,,,,,,,
,,,,,,,,,,,,,,,,,,
,,,,,,,,,,,,,,,,,,
,,,,,,,,,,,,,,,,,,
,,,,,,,,,,,,,,,,,,
,,,,,,,,,,,,,,,,,,
,,,,,,,,,,,,,,,,,,
,,,,,,,,,,,,,,,,,,
,,,,,,,,,,,,,,,,,,
,,,,,,,,,,,,,,,,,,
,,,,,,,,,,,,,,,,,,
,,,,,,,,,,,,,,,,,,
,,,,,,,,,,,,,,,,,,
,,,,,,,,,,,,,,,,,,
,,,,,,,,,,,,,,,,,,
,,,,,,,,,,,,,,,,,,
,,,,,,,,,,,,,,,,,,
,,,,,,,,,,,,,,,,,,
,,,,,,,,,,,,,,,,,,
,,,,,,,,,,,,,,,,,,
,,,,,,,,,,,,,,,,,,
,,,,,,,,,,,,,,,,,,
,,,,,,,,,,,,,,,,,,
,,,,,,,,,,,,,,,,,,
,,,,,,,,,,,,,,,,,,
,,,,,,,,,,,,,,,,,,
,,,,,,,,,,,,,,,,,,
,,,,,,,,,,,,,,,,,,
,,,,,,,,,,,,,,,,,,
,,,,,,,,,,,,,,,,,,
,,,,,,,,,,,,,,,,,,
,,,,,,,,,,,,,,,,,,
,,,,,,,,,,,,,,,,,,
,,,,,,,,,,,,,,,,,,
,,,,,,,,,,,,,,,,,,
,,,,,,,,,,,,,,,,,,
,,,,,,,,,,,,,,,,,,
,,,,,,,,,,,,,,,,,,
,,,,,,,,,,,,,,,,,,
,,,,,,,,,,,,,,,,,,
,,,,,,,,,,,,,,,,,,
,,,,,,,,,,,,,,,,,,
,,,,,,,,,,,,,,,,,,
,,,,,,,,,,,,,,,,,,
,,,,,,,,,,,,,,,,,,
,,,,,,,,,,,,,,,,,,
,,,,,,,,,,,,,,,,,,